Where it appears,English
Al-Fatihah — How do I learn it?,How do I learn it?
Al-Fatihah — How do I learn it?,"Take one verse at a time, listening and repeating rather than reading. The Practice screen has all seven with a recording against each, and a repeat button. Play a line, say it with the reciter, and move on when it holds. Most people need days, not minutes."
Al-Fatihah — How do I learn it?,"Until you have it, say what you know and keep going. No one expects a first-week Muslim to have memorised it, and the prayer you pray while learning is still a prayer."
Al-Fatihah — What am I actually saying?,What am I actually saying?
Al-Fatihah — What am I actually saying?,"It opens by praising God as the Lord of everything and the source of mercy, then turns and speaks to Him directly: You alone we worship, and You alone we ask for help. The rest is a request: guide us along the straight path. It is a prayer for guidance, said before anything else is asked for."
Al-Fatihah — What is Al-Fatihah?,What is Al-Fatihah?
Al-Fatihah — What is Al-Fatihah?,"The opening chapter of the Qur’an, seven short verses. Its name means ""The Opening"". It is the most repeated passage in the world: every Muslim says it in every unit of every prayer, which for most people is seventeen times a day."
Al-Fatihah — Why does every prayer need it?,Why does every prayer need it?
Al-Fatihah — Why does every prayer need it?,"Because without it there is no prayer. The Prophet ﷺ said that whoever does not recite Al-Fatihah in their prayer, their prayer is invalid. Of everything a new Muslim could memorise, this is the one that changes what they are able to do today."
Becoming Muslim — Know what you are saying,Know what you are saying
Becoming Muslim — Know what you are saying,"Becoming Muslim is one sentence, said and meant. Before you say it, be clear on both halves: that worship belongs to Allah alone and nothing shares that with Him, and that Muhammad ﷺ was sent by Him to convey how."
Becoming Muslim — Know what you are saying,"It has to be meant. Saying the words to please someone else, or to marry, does not make a person Muslim."
Becoming Muslim — Say it,Say it
Becoming Muslim — Say it,"Say it aloud, in Arabic if you can manage it. If the Arabic is beyond you today, say it in your own language and mean it, then learn the Arabic, because you will say it in every prayer for the rest of your life."
Becoming Muslim — Say it,"You are Muslim from the moment you say it and mean it. Nobody has to be there, and no imam has to be present."
Becoming Muslim — Say it,"Getting it written down is a separate question, and worth doing when you can. A mosque or Islamic centre can record it and give you a certificate. Not because your Islam needs one, but because other people's paperwork sometimes does."
Becoming Muslim — Say it,"These are two different things. Whether you are Muslim is settled between you and Allah the moment you say it and mean it, and both answers cited here say so plainly, one of them in the words ""Islam is a matter that is between a person and his Lord"". Whether a registrar, a mosque, a Hajj visa office or a marriage contract will take your word for it later is a paperwork question with a paperwork answer.

Historically, witnesses were asked for in Muslim courts because inheritance and marriage law followed a person's religion, and that is where the idea that they are required comes from. If you are not ready to walk into a mosque, that is fine. None of this expires, and the certificate is available whenever you want it."
Becoming Muslim — You are Muslim,You are Muslim
Becoming Muslim — You are Muslim,"That is it. Nothing else is required of you in this moment, and nothing you did before it is held against you. Becoming Muslim wipes what came before."
Becoming Muslim — You are Muslim,"You do not need to change your name. You do not need to tell anyone today. Take a full wash when you can, which is recommended for someone who has just become Muslim, and then learn wudu and the prayer, in that order, without rushing."
Building consistency — Is a small habit really worth more than a big effort?,Is a small habit really worth more than a big effort?
Building consistency — Is a small habit really worth more than a big effort?,"Yes, and that is not a consolation prize. ʿĀʾishah was asked which deed the Prophet ﷺ loved most and said the one kept up regularly. In his own words, the most beloved deed to Allah is the most regular and constant, even if it is little. Nobody is asked to become a different person in a month. What is asked is to keep the thing you took on."
Building consistency — What do I actually start with?,What do I actually start with?
Building consistency — What do I actually start with?,"The five prayers. They are the spine, they are obligatory, and everything else hangs off them. Get those to the point where a day without them feels wrong before you add anything. Then one thing: a dua on waking, a short surah after Al-Fatihah, the siwak before prayer. Keep it until you no longer have to remember it. Then one more.

The Prophet ﷺ told people to take on what they could keep up, because Allah does not tire of rewarding until you tire of doing."
Building consistency — What do I actually start with?,The page on the small sunnahs lists the little habits and which to take first.
Building consistency — What do I do on a bad week?,What do I do on a bad week?
Building consistency — What do I do on a bad week?,"Shrink it. Do not skip it. A prayer with only Al-Fatihah is a prayer. One line of dhikr instead of the morning list is still the habit, kept. What ends a practice is not the small version. It is the zero, because the zero teaches you that you are someone who does not do this any more. The Prophet ﷺ said the religion is easy, and that whoever makes it hard on himself will not keep it up."
Building consistency — What do I do on a bad week?,"On the worst days the least is the right amount, and the page on praying before you know everything says what the least is."
Building consistency — What if I already dropped it?,What if I already dropped it?
Building consistency — What if I already dropped it?,"Then pick it up today, smaller than before. A month missed does not undo the months before it, and coming back is not starting from nothing. The page on stopping for a while says the rest, and it is written for exactly this."
Building consistency — Why do people burn out in the first month?,Why do people burn out in the first month?
Building consistency — Why do people burn out in the first month?,"Because the first month is when everything arrives at once. Five prayers, a new way of washing, new words, new food, a mosque, and forty duas you have just found out exist. Taking all of it on in week one, keeping it for three weeks, and dropping most of it in week four is the most common shape of a convert’s first year, and it ends with a person deciding they are bad at being Muslim. They are not. They tried to carry the whole religion up the stairs in one trip."
Clothing — Is this only about women?,Is this only about women?
Clothing — Is this only about women?,"The instruction to lower the gaze and guard modesty is given to men first and then to women, in consecutive verses. That order is worth noticing: modesty in Islam is not a set of rules aimed only at women, and men have their own covering to observe."
Clothing — What does it mean for men?,What does it mean for men?
Clothing — What does it mean for men?,"Cover at least from the navel to the knee, keep clothing loose enough not to be revealing, and avoid pure silk and gold jewellery, which the Prophet ﷺ restricted for men. In ordinary Western dress this changes very little in practice."
Clothing — What does it mean for women?,What does it mean for women?
Clothing — What does it mean for women?,"The Qur’an instructs believing women to guard their modesty, to draw their head-coverings over the chest, and to draw their outer garments about them. The commonly taught result is loose clothing covering the body, with the head covered, in front of men outside the immediate family."
Clothing — What does it mean for women?,"Whether the face and hands must also be covered is a long-standing point of scholarly difference, not a settled question."
Clothing — What does it mean for women?,"Reference works do not agree on which side is the majority. Dorar’s Encyclopedia of Fiqh calls covering the face the view of most scholars, while summaries written from inside the Hanafi and Maliki schools present the opposite as the common position. So the schools are named below rather than counted. You will meet Muslims on both sides, each following scholarship they trust. The detail of any one school is worth hearing from someone qualified rather than reading in a summary."
Clothing — What does it mean for women?,"The face and hands are what ordinarily shows, so covering them is not required in itself, though the school still calls for covering where there is a real fear of harassment."
Clothing — What does it mean for women?,"The face is not itself among the parts that must be covered, but the position recorded in the school from early on is that it is covered in front of men a woman could marry, because of the harm of not doing so."
Clothing — What does it mean for women?,"The school carries two positions, and the more predominant of them is that the face is covered in front of men a woman could marry."
Clothing — What does it mean for women?,The position the school takes as most correct is that the face and hands are covered in front of men a woman could marry.
Clothing — What does it mean for women?,"No one has the right to pressure you, and most people start gradually. If covering would put you in danger, or reveal your conversion before you are ready, that is a real circumstance to discuss with someone knowledgeable, not a rule you are breaking."
Clothing — What is the idea behind it?,What is the idea behind it?
Clothing — What is the idea behind it?,"The Qur’an speaks about clothing as something given for covering and for adornment: both, not one at the expense of the other. Islam is not against looking good. The instructions that follow are about modesty in public, not about drabness."
Dhuhr — Add a short surah; ʿAsr — Add a short surah; Tahajjud — Add a short surah; Qiyam al-Layl — Add a short surah; Witr — Add a short surah; Istikhara — Add a short surah; The prayer of repentance — Add a short surah,"After Al-Fatihah, recite another short surah quietly. Al-Ikhlas is four verses and is where most people start:"
Dhuhr — Face the qibla and intend,"Stand facing the qibla, feet roughly shoulder-width apart, and intend in your heart that you are praying Dhuhr."
Dhuhr — Final sitting; ʿAsr — Final sitting; Maghrib — Final sitting; ʿIsha — Final sitting,"Say the takbir and sit again. This time slide your left foot across under you to the right and sit on the ground, right foot still upright. Rest your left hand on your left knee and your right hand on your right thigh, raise your right index finger, and say:"
Dhuhr — Recite Al-Fatihah; ʿAsr — Recite Al-Fatihah; Maghrib — Recite Al-Fatihah; ʿIsha — Recite Al-Fatihah; Tahajjud — Recite Al-Fatihah; Qiyam al-Layl — Recite Al-Fatihah; Witr — Recite Al-Fatihah; Istikhara — Recite Al-Fatihah; The prayer of repentance — Recite Al-Fatihah,"Recite the opening chapter of the Qur’an quietly, so only you can hear it."
Dhuhr — Sit for tashahhud; ʿAsr — Sit for tashahhud; Maghrib — Sit for tashahhud; ʿIsha — Sit for tashahhud,Sit for tashahhud
Dhuhr — Stand for the fourth rakʿah; ʿAsr — Stand for the fourth rakʿah; ʿIsha — Stand for the fourth rakʿah,Stand for the fourth rakʿah
Dhuhr — Stand for the third rakʿah; ʿAsr — Stand for the third rakʿah; Maghrib — Stand for the third rakʿah; ʿIsha — Stand for the third rakʿah,Stand for the third rakʿah
Dhuhr — Stand for the third rakʿah; ʿAsr — Stand for the third rakʿah; Maghrib — Stand for the third rakʿah; ʿIsha — Stand for the third rakʿah,"Rise to standing, saying the takbir and raising your hands to shoulder level as you rise, then rest your right hand over your left forearm again."
Dhuhr — Turn to your left,That is Dhuhr complete.
Dhuhr — What are the four before and after?,What are the four before and after?
Dhuhr — What are the four before and after?,Dhuhr has the most voluntary rakʿahs attached to it of the five: four before it and more after. The Prophet ﷺ tied keeping them to a promise no other sunnah prayer carries in the same words.
Dhuhr — What if I am at work?,What if I am at work?
Dhuhr — What if I am at work?,"Dhuhr is four silent rakʿahs, a few minutes in any clean, quiet corner. If the window closes on you anyway, the page on missing a prayer walks through catching it up."
Dhuhr — What is Dhuhr?,What is Dhuhr?
Dhuhr — What is Dhuhr?,"Four rakʿahs, prayed once the sun has passed its highest point. It is the first prayer of the working day, prayed silently, and one of the five the Prophet ﷺ compared to a river at your door."
Do I have to change my name? — Do I have to take a new name?,Do I have to take a new name?
Do I have to change my name? — Do I have to take a new name?,"Becoming Muslim does not require a new name. Most names are simply names, and a name that means something ordinary in another language is not a problem to be solved. Plenty of Muslims you will meet have the name they were born with.

Some people do choose one, and that is theirs to choose. It is a preference, not a step."
Do I have to change my name? — So why do people think you must?,So why do people think you must?
Do I have to change my name? — So why do people think you must?,"Because the Prophet ﷺ did change some people’s names, where a name carried a meaning worth leaving behind. What is worth noticing is how one of those went. He suggested that a man called Ḥazn, which means something like grief, be called Sahl instead, meaning ease. The man said he would not change the name his father gave him, and he kept it."
Do I have to change my name? — So why do people think you must?,That narration is in Bukhari and it is not presented as disobedience. It is the reason to be careful with anybody who tells you this is required.
Do I have to change my name? — What about my family name?,What about my family name?
Do I have to change my name? — What about my family name?,"This part is not a preference. The Qur’an instructs that people be called by their fathers’ names, and converts keep their family name for the same reason. Your lineage is not something Islam asks you to drop. Cutting yourself off from it is the opposite of what is asked."
Do I have to change my name? — What if I want one anyway?,What if I want one anyway?
Do I have to change my name? — What if I want one anyway?,"Then take one, and there is no ceremony involved. You do not need permission, a witness, or a legal change, and nothing about your becoming Muslim depends on it. Many people use one among Muslim friends and their own everywhere else, which is not a contradiction."
Do I have to change my name? — What if I want one anyway?,"If somebody at a mosque starts calling you by a name you did not choose, you are allowed to say you prefer your own."
Doing it to be seen — Then is it wrong to pray where people can see me?,Then is it wrong to pray where people can see me?
Doing it to be seen — Then is it wrong to pray where people can see me?,"No, and this is the question converts actually have, rather than the one this topic is usually written about. Praying at work, fasting in front of colleagues, saying you cannot drink: all of that is visible, and none of it is riyāʾ, because you would be doing it in an empty room too. Riyāʾ is not having an audience. It is the audience being the reason."
Doing it to be seen — Then is it wrong to pray where people can see me?,"Much of the obligatory worship is public by design. The prayer is in congregation, zakat is collected, hajj is a crowd. A religion that treated being seen as the problem could not ask for any of it."
Doing it to be seen — What does this look like for me now?,"The first year has an unusual amount of announcing in it: telling family, telling friends, being asked about it constantly. Saying what you now believe is not riyāʾ. It is answering a question. The place to watch is smaller and quieter: praying longer because somebody is in the room, or mentioning a fast that nobody asked about. Those are small enough that no one else would ever notice, and that is exactly why they are the ones to watch."
Doing it to be seen — What if the thought comes in the middle?,What if the thought comes in the middle?
Doing it to be seen — What if the thought comes in the middle?,"It will. You are halfway through a prayer and notice that someone is watching, and that part of you is glad. Noticing the thought is not the same as acting on it. The thought arriving is what Shayṭān does, and being annoyed by it is a sign that the intention is alive, not gone. Carry on with the prayer. Do not abandon a good deed because the thought showed up in it. That hands the whole thing over for the price of a distraction."
Doing it to be seen — What is riyāʾ?,What is riyāʾ?
Doing it to be seen — What is riyāʾ?,"Doing an act of worship so that people see you doing it. The narration is blunt about what happens next: whoever makes his deed heard of, Allah will make him heard of, and whoever does it to be seen, Allah will show him up. You asked to be looked at, and you will be. That is the whole payment."
Doing it to be seen — Why is it treated so seriously?,Why is it treated so seriously?
Doing it to be seen — Why is it treated so seriously?,"Because of what it does to the deed itself. In a hadith qudsi, Allah says that of all partners He is the one least in need of a partner: whoever does a deed and associates someone else with Him in it, He leaves him and the one he associated. The deed is not reduced. It is handed over to the person you did it for."
Dua and dhikr — What is dhikr?,What is dhikr?
Dua and dhikr — What is dhikr?,"Dhikr means remembrance: short phrases repeated through the day. Subḥāna-llāh (glory be to God), al-ḥamdu li-llāh (all praise is God’s), Allāhu akbar (God is greatest). The Qur’an says hearts find rest in the remembrance of God, and that describes what it does better than any explanation."
Dua and dhikr — What is dua?,What is dua?
Dua and dhikr — What is dua?,"Dua is simply asking God for something. It has no set form, no required language and no appointed time. The Qur’an says He is near and answers the one who calls. You can make dua in English, in your own words, in the car, and it is the same dua."
Dua and dhikr — What is dua?,"You do not need Arabic for this. The memorised duas are worth learning because they are the Prophet’s ﷺ wording, not because your own words would be rejected."
Dua and dhikr — Where do I start?,Where do I start?
Dua and dhikr — Where do I start?,"Pick one phrase and one moment, such as waking up or the walk to work. The Dua tab has short ones with the Arabic, how it sounds, and what it means. The shortest is a single word. Starting there is not a compromise."
Dua and dhikr — Why does it matter so much?,"The Prophet ﷺ compared the person who remembers their Lord to the living, and the one who does not to the dead. He also said that whoever says subḥāna-llāhi wa bi-ḥamdih a hundred times in a day has their sins forgiven though they were like the foam of the sea."
Eid — What do people do before it?,What do people do before it?
Eid — What do people do before it?,"They wash, put on the best clothes they own, and go. On Eid al-Fitr the Prophet ﷺ would eat something before leaving, a few dates. That is worth knowing, because on a festival morning after a month of fasting you might assume you were meant to fast. You are not. Fasting on the two Eids is not done."
Eid — What if I have nobody to spend it with?,What if I have nobody to spend it with?
Eid — What if I have nobody to spend it with?,"For a lot of converts this is the hardest day of the year, and it is better said plainly than left for you to discover. A family day is a hard day to have no family in.

Go to the prayer. Mosques are at their most welcoming that morning, and somebody will almost certainly invite you to eat. If no one does, it is fine to tell someone there that it is your first Eid. That usually ends with you at a table."
Eid — What if I have nobody to spend it with?,Plan it a few days ahead rather than on the morning. An Eid arranged in advance is a very different day from one improvised at 9am.
Eid — What is Eid?,What is Eid?
Eid — What is Eid?,"There are two, and only two. **Eid al-Fitr** is the morning after Ramadan ends. **Eid al-Adha** falls about ten weeks later, during the days of Hajj. Both begin with a prayer shortly after sunrise, and the rest of the day is food and family.

They are not solemn. People wear their best clothes, children get money, and the mosque is fuller than you have ever seen it."
Eid — What is the Eid prayer like?,What is the Eid prayer like?
Eid — What is the Eid prayer like?,"Short, and unlike the daily prayers in two ways. It is two rakʿahs with several extra **Allāhu akbar** said before the recitation, and the talk comes after the prayer rather than before it. There is no adhan and no iqamah.

If you do not know when the extra takbirs come, watch the row in front and raise your hands when they do."
Eid — When exactly is it?,When exactly is it?
Eid — When exactly is it?,"Ask your local mosque, and ask a day or two before. The month begins when the new moon is sighted, so the date is not settled until it is, and mosques in the same city sometimes differ by a day. This app does not give you the date, because a calculated date is wrong often enough to matter here."
Eid — When exactly is it?,"If two mosques near you announce different days, that is an old and ordinary disagreement. Follow the one you pray with."
Everyday manners — Are manners really part of it?,Are manners really part of it?
Everyday manners — Are manners really part of it?,"Character sits at the centre rather than the edge. The Prophet ﷺ, described in the Qur’an as being of great character, taught that the best of people are those with the best manners, and the people who lived with him said he never used foul or crude language."
Everyday manners — Is there a summary?,Is there a summary?
Everyday manners — Is there a summary?,"The Prophet ﷺ tied belief directly to behaviour: whoever believes in God and the Last Day should not harm their neighbour, should be generous to their guest, and should say something good or stay quiet. Neighbours, guests, and how you speak. That is a large share of daily life."
Everyday manners — What about talking about people?,What about talking about people?
Everyday manners — What about talking about people?,"The Qur’an forbids mocking others, assuming the worst, spying, and talking about people behind their backs, in two consecutive verses. Backbiting is treated as a serious wrong, not a small one, and it is the habit most people find hardest to drop."
Everyday manners — What do I do when I am angry?,What do I do when I am angry?
Everyday manners — What do I do when I am angry?,"The Prophet ﷺ said the strong person is not the one who overpowers others, but the one who controls himself when angry. It is a redefinition rather than a rule, and it comes up more often than most of the rules do."
Everyday manners — What is the measure of it?,What is the measure of it?
Everyday manners — What is the measure of it?,One of the shortest things the Prophet ﷺ said and one of the hardest: none of you truly believes until he wants for his brother what he wants for himself. It is the test to apply when a situation is not covered by anything you have learned yet.
Everyday manners — What is the measure of it?,"You will get things wrong, in front of people, for a while. Everyone did. Being embarrassed about it is not a sign you are doing badly."
Fajr — Add a short surah; Dhuhr — Add a short surah; ʿAsr — Add a short surah; Maghrib — Add a short surah; ʿIsha — Add a short surah; Tahajjud — Add a short surah; Qiyam al-Layl — Add a short surah; Witr — Add a short surah; Istikhara — Add a short surah; The prayer of repentance — Add a short surah,Add a short surah
Fajr — Add a short surah; Dhuhr — Add a short surah; ʿAsr — Add a short surah; Maghrib — Add a short surah; ʿIsha — Add a short surah; Tahajjud — Add a short surah; Qiyam al-Layl — Add a short surah; Witr — Add a short surah; Istikhara — Add a short surah; The prayer of repentance — Add a short surah,"This part is sunnah, not required. A prayer of Al-Fatihah alone is a complete prayer, so if you do not know one yet, carry on to the bow."
Fajr — Add a short surah; Maghrib — Add a short surah; ʿIsha — Add a short surah,"After Al-Fatihah, recite another short surah aloud. Al-Ikhlas is four verses and is where most people start:"
Fajr — Bow; Dhuhr — Bow; ʿAsr — Bow; Maghrib — Bow; ʿIsha — Bow; Tahajjud — Bow; Qiyam al-Layl — Bow; Witr — Bow; Istikhara — Bow; The prayer of repentance — Bow,Bow
Fajr — Bow; Dhuhr — Bow; ʿAsr — Bow; Maghrib — Bow; ʿIsha — Bow; Tahajjud — Bow; Qiyam al-Layl — Bow; Witr — Bow; Istikhara — Bow; The prayer of repentance — Bow,"Raise your hands again as you say the takbir, then bow with a straight back, hands gripping your knees, eyes down. Once settled, say:"
Fajr — Bow; Dhuhr — Bow; ʿAsr — Bow; Maghrib — Bow; ʿIsha — Bow; Tahajjud — Bow; Qiyam al-Layl — Bow; Witr — Bow; Istikhara — Bow; The prayer of repentance — Bow,"Settle in each position before you move to the next. This is the thing the Prophet ﷺ sent a man back to repeat his prayer for, three times over."
Fajr — Bow; Dhuhr — Bow; ʿAsr — Bow; Maghrib — Bow; ʿIsha — Bow; Tahajjud — Bow; Qiyam al-Layl — Bow; Witr — Bow; Istikhara — Bow; The prayer of repentance — Bow,"He told him: bow until you are at rest bowing, then rise until you are standing straight, then prostrate until you are at rest prostrating, then sit until you are at rest sitting, and do that through the whole prayer. Speed is the most common fault in a new Muslim's prayer and the easiest to fix."
Fajr — Face the qibla and intend,"Stand facing the qibla, feet roughly shoulder-width apart, and intend in your heart that you are praying Fajr."
Fajr — Face the qibla and intend; Dhuhr — Face the qibla and intend; ʿAsr — Face the qibla and intend; Maghrib — Face the qibla and intend; ʿIsha — Face the qibla and intend; Tahajjud — Face the qibla and intend; Qiyam al-Layl — Face the qibla and intend; Witr — Face the qibla and intend; Istikhara — Face the qibla and intend; The prayer of repentance — Face the qibla and intend,Face the qibla and intend
Fajr — Face the qibla and intend; Dhuhr — Face the qibla and intend; ʿAsr — Face the qibla and intend; Maghrib — Face the qibla and intend; ʿIsha — Face the qibla and intend; Tahajjud — Face the qibla and intend; Qiyam al-Layl — Face the qibla and intend; Witr — Face the qibla and intend; Istikhara — Face the qibla and intend; The prayer of repentance — Face the qibla and intend,"The intention is a thought, not a sentence. You do not need to say it out loud."
Fajr — Final sitting; Dhuhr — Final sitting; ʿAsr — Final sitting; Maghrib — Final sitting; ʿIsha — Final sitting; Tahajjud — Final sitting; Qiyam al-Layl — Final sitting; Witr — Final sitting; Istikhara — Final sitting; The prayer of repentance — Final sitting,Final sitting
Fajr — Final sitting; Dhuhr — Sit for tashahhud; Dhuhr — Final sitting; ʿAsr — Sit for tashahhud; ʿAsr — Final sitting; Maghrib — Sit for tashahhud; Maghrib — Final sitting; ʿIsha — Sit for tashahhud; ʿIsha — Final sitting; Tahajjud — Final sitting; Qiyam al-Layl — Final sitting; Witr — Final sitting; Istikhara — Final sitting; The prayer of repentance — Final sitting,You will see the finger held still and you will see it moved. What the narration describes is the raising itself.
Fajr — Final sitting; Dhuhr — Sit for tashahhud; Dhuhr — Final sitting; ʿAsr — Sit for tashahhud; ʿAsr — Final sitting; Maghrib — Sit for tashahhud; Maghrib — Final sitting; ʿIsha — Sit for tashahhud; ʿIsha — Final sitting; Tahajjud — Final sitting; Qiyam al-Layl — Final sitting; Witr — Final sitting; Istikhara — Final sitting; The prayer of repentance — Final sitting,"Sitting differently in the last sitting is what Abu Humayd described, and it is what the Shafi`i and Hanbali schools teach. Others sit the same way in both. You will see both in any mosque."
Fajr — Final sitting; Dhuhr — Sit for tashahhud; Dhuhr — Final sitting; ʿAsr — Sit for tashahhud; ʿAsr — Final sitting; Maghrib — Sit for tashahhud; Maghrib — Final sitting; ʿIsha — Sit for tashahhud; ʿIsha — Final sitting; Tahajjud — Final sitting; Qiyam al-Layl — Final sitting; Witr — Final sitting; Istikhara — Final sitting; The prayer of repentance — Final sitting,"Abu Humayd's description contrasts the two: ""on sitting in the second rakʿah he sat on his left foot and propped up the right one; and in the last rakʿah he pushed his left foot forward and kept the other foot propped up and sat over the buttocks."" The Shafi`i and Hanbali schools part company over what to do with a prayer that has only one sitting: the Shafi`i school slides the foot across at the end of Fajr too, the Hanbali school does not, because the contrast Abu Humayd draws is between two sittings. This guide follows the Hanbali reading and keeps Fajr on the left foot."
Fajr — Final sitting; Dhuhr — Sit for tashahhud; Dhuhr — Final sitting; ʿAsr — Sit for tashahhud; ʿAsr — Final sitting; Maghrib — Sit for tashahhud; Maghrib — Final sitting; ʿIsha — Sit for tashahhud; ʿIsha — Final sitting; Tahajjud — Final sitting; Qiyam al-Layl — Final sitting; Witr — Final sitting; Istikhara — Final sitting; The prayer of repentance — Final sitting,Sit on the left foot in every sitting of the prayer.
Fajr — Final sitting; Dhuhr — Sit for tashahhud; Dhuhr — Final sitting; ʿAsr — Sit for tashahhud; ʿAsr — Final sitting; Maghrib — Sit for tashahhud; Maghrib — Final sitting; ʿIsha — Sit for tashahhud; ʿIsha — Final sitting; Tahajjud — Final sitting; Qiyam al-Layl — Final sitting; Witr — Final sitting; Istikhara — Final sitting; The prayer of repentance — Final sitting,Sit on the ground with the left foot slid across in every sitting.
Fajr — Final sitting; Dhuhr — Sit for tashahhud; Dhuhr — Final sitting; ʿAsr — Sit for tashahhud; ʿAsr — Final sitting; Maghrib — Sit for tashahhud; Maghrib — Final sitting; ʿIsha — Sit for tashahhud; ʿIsha — Final sitting; Tahajjud — Final sitting; Qiyam al-Layl — Final sitting; Witr — Final sitting; Istikhara — Final sitting; The prayer of repentance — Final sitting,"Sit on the left foot in a middle sitting, and on the ground with the left foot slid across in the final one."
Fajr — Final sitting; Dhuhr — Sit for tashahhud; Dhuhr — Final sitting; ʿAsr — Sit for tashahhud; ʿAsr — Final sitting; Maghrib — Sit for tashahhud; Maghrib — Final sitting; ʿIsha — Sit for tashahhud; ʿIsha — Final sitting; Tahajjud — Final sitting; Qiyam al-Layl — Final sitting; Witr — Final sitting; Istikhara — Final sitting; The prayer of repentance — Final sitting,"The same distinction, but only in a prayer that has two sittings, so Fajr keeps the ordinary sitting."
Fajr — Final sitting; Dhuhr — Sit for tashahhud; ʿAsr — Sit for tashahhud; Maghrib — Sit for tashahhud; ʿIsha — Sit for tashahhud; Tahajjud — Final sitting; Qiyam al-Layl — Final sitting; Witr — Final sitting; Istikhara — Final sitting; The prayer of repentance — Final sitting,"Say the takbir and sit as you did between the prostrations. Rest your left hand on your left knee and your right hand on your right thigh, raise your right index finger, and say:"
"Fajr — Fold your hands, and open; Dhuhr — Fold your hands, and open; ʿAsr — Fold your hands, and open; Maghrib — Fold your hands, and open; ʿIsha — Fold your hands, and open; Tahajjud — Fold your hands, and open; Qiyam al-Layl — Fold your hands, and open; Witr — Fold your hands, and open; Istikhara — Fold your hands, and open; The prayer of repentance — Fold your hands, and open","Fold your hands, and open"
"Fajr — Fold your hands, and open; Dhuhr — Fold your hands, and open; ʿAsr — Fold your hands, and open; Maghrib — Fold your hands, and open; ʿIsha — Fold your hands, and open; Tahajjud — Fold your hands, and open; Qiyam al-Layl — Fold your hands, and open; Witr — Fold your hands, and open; Istikhara — Fold your hands, and open; The prayer of repentance — Fold your hands, and open","Rest your right hand over your left forearm, on your chest. Then quietly, with your eyes toward the place of prostration, say:"
"Fajr — Fold your hands, and open; Dhuhr — Fold your hands, and open; ʿAsr — Fold your hands, and open; Maghrib — Fold your hands, and open; ʿIsha — Fold your hands, and open; Tahajjud — Fold your hands, and open; Qiyam al-Layl — Fold your hands, and open; Witr — Fold your hands, and open; Istikhara — Fold your hands, and open; The prayer of repentance — Fold your hands, and open","Where the folded hands rest is the one detail you will most obviously see Muslims doing differently. Every position below is taught by scholars, and the prayer is valid in any of them."
"Fajr — Fold your hands, and open; Dhuhr — Fold your hands, and open; ʿAsr — Fold your hands, and open; Maghrib — Fold your hands, and open; ʿIsha — Fold your hands, and open; Tahajjud — Fold your hands, and open; Qiyam al-Layl — Fold your hands, and open; Witr — Fold your hands, and open; Istikhara — Fold your hands, and open; The prayer of repentance — Fold your hands, and open","What Sahih al-Bukhari establishes is only that the right hand goes over the left forearm. The narration names no place on the body, and Ibn Qudamah records the folding itself as agreed by the majority. After that everyone is reading indirect evidence.

The report naming the chest that Ibn `Uthaymin calls the best on the question is Wa'il ibn Hujr's, and he judges the chest the most correct view even though the well-known position of his own school is below the navel. The narration usually quoted for below the navel, from `Ali, is graded weak by an-Nawawi and Ibn Hajar. Set against that, none of the four schools' well-known positions puts a man's hands on the chest itself.

So the honest summary is that no position here rests on an agreed, authentic, explicit narration, and that is exactly why the schools differ. Follow whichever you are taught locally. No one holds that the prayer fails over it."
"Fajr — Fold your hands, and open; Dhuhr — Fold your hands, and open; ʿAsr — Fold your hands, and open; Maghrib — Fold your hands, and open; ʿIsha — Fold your hands, and open; Tahajjud — Fold your hands, and open; Qiyam al-Layl — Fold your hands, and open; Witr — Fold your hands, and open; Istikhara — Fold your hands, and open; The prayer of repentance — Fold your hands, and open","Below the navel for men, and on the chest for women."
"Fajr — Fold your hands, and open; Dhuhr — Fold your hands, and open; ʿAsr — Fold your hands, and open; Maghrib — Fold your hands, and open; ʿIsha — Fold your hands, and open; Tahajjud — Fold your hands, and open; Qiyam al-Layl — Fold your hands, and open; Witr — Fold your hands, and open; Istikhara — Fold your hands, and open; The prayer of repentance — Fold your hands, and open","The best-known position of the school is to let the arms hang at the sides in an obligatory prayer, rather than folding them."
"Fajr — Fold your hands, and open; Dhuhr — Fold your hands, and open; ʿAsr — Fold your hands, and open; Maghrib — Fold your hands, and open; ʿIsha — Fold your hands, and open; Tahajjud — Fold your hands, and open; Qiyam al-Layl — Fold your hands, and open; Witr — Fold your hands, and open; Istikhara — Fold your hands, and open; The prayer of repentance — Fold your hands, and open",Below the chest and above the navel.
"Fajr — Fold your hands, and open; Dhuhr — Fold your hands, and open; ʿAsr — Fold your hands, and open; Maghrib — Fold your hands, and open; ʿIsha — Fold your hands, and open; Tahajjud — Fold your hands, and open; Qiyam al-Layl — Fold your hands, and open; Witr — Fold your hands, and open; Istikhara — Fold your hands, and open; The prayer of repentance — Fold your hands, and open",Below the navel.
"Fajr — Fold your hands, and open; Dhuhr — Fold your hands, and open; ʿAsr — Fold your hands, and open; Maghrib — Fold your hands, and open; ʿIsha — Fold your hands, and open; Tahajjud — Fold your hands, and open; Qiyam al-Layl — Fold your hands, and open; Witr — Fold your hands, and open; Istikhara — Fold your hands, and open; The prayer of repentance — Fold your hands, and open","On the chest, which is what this guide teaches. Ibn `Uthaymin calls it the most correct view, and it is what Ibn Baz and Al-Albani taught."
Fajr — Opening takbir; Dhuhr — Opening takbir; ʿAsr — Opening takbir; Maghrib — Opening takbir; ʿIsha — Opening takbir; Tahajjud — Opening takbir; Qiyam al-Layl — Opening takbir; Witr — Opening takbir; Istikhara — Opening takbir; The prayer of repentance — Opening takbir,Opening takbir
Fajr — Opening takbir; Dhuhr — Opening takbir; ʿAsr — Opening takbir; Maghrib — Opening takbir; ʿIsha — Opening takbir; Tahajjud — Opening takbir; Qiyam al-Layl — Opening takbir; Witr — Opening takbir; Istikhara — Opening takbir; The prayer of repentance — Opening takbir,"Raise both hands to about shoulder level, palms forward, and say the takbir."
Fajr — Opening takbir; Dhuhr — Opening takbir; ʿAsr — Opening takbir; Maghrib — Opening takbir; ʿIsha — Opening takbir; Tahajjud — Opening takbir; Qiyam al-Layl — Opening takbir; Witr — Opening takbir; Istikhara — Opening takbir; The prayer of repentance — Opening takbir,From this moment you are in prayer. Everything outside it waits.
Fajr — Opening takbir; Dhuhr — Opening takbir; ʿAsr — Opening takbir; Maghrib — Opening takbir; ʿIsha — Opening takbir; Tahajjud — Opening takbir; Qiyam al-Layl — Opening takbir; Witr — Opening takbir; Istikhara — Opening takbir; The prayer of repentance — Opening takbir,"You will see hands raised to the shoulders and to the ears, and you will see people raise them only once. All of it is narrated, and none of it affects whether your prayer counts."
Fajr — Opening takbir; Dhuhr — Opening takbir; ʿAsr — Opening takbir; Maghrib — Opening takbir; ʿIsha — Opening takbir; Tahajjud — Opening takbir; Qiyam al-Layl — Opening takbir; Witr — Opening takbir; Istikhara — Opening takbir; The prayer of repentance — Opening takbir,"Ibn `Umar and Abu Humayd both describe the hands going up to the shoulders; Malik ibn al-Huwayrith describes them going up level with the ears. This guide follows the shoulders because that is what Abu Humayd described in front of the companions who agreed with him. Ibn `Umar is also the source for how often: Salim reports three raisings from him and that the hands are not raised in prostration, and Nafi` reports a fourth on standing up from the first sitting, which Ibn `Umar traced back to the Prophet ﷺ and which Bukhari gives its own chapter. This guide teaches all four, and leaving any of them out does not affect whether the prayer counts."
Fajr — Opening takbir; Dhuhr — Opening takbir; ʿAsr — Opening takbir; Maghrib — Opening takbir; ʿIsha — Opening takbir; Tahajjud — Opening takbir; Qiyam al-Layl — Opening takbir; Witr — Opening takbir; Istikhara — Opening takbir; The prayer of repentance — Opening takbir,"Raise the hands to the level of the ears for men, and to the shoulders for women, and only at the opening takbir."
Fajr — Opening takbir; Dhuhr — Opening takbir; ʿAsr — Opening takbir; Maghrib — Opening takbir; ʿIsha — Opening takbir; Tahajjud — Opening takbir; Qiyam al-Layl — Opening takbir; Witr — Opening takbir; Istikhara — Opening takbir; The prayer of repentance — Opening takbir,The best-known position of the school is to raise them at the opening takbir only.
Fajr — Opening takbir; Dhuhr — Opening takbir; ʿAsr — Opening takbir; Maghrib — Opening takbir; ʿIsha — Opening takbir; Tahajjud — Opening takbir; Qiyam al-Layl — Opening takbir; Witr — Opening takbir; Istikhara — Opening takbir; The prayer of repentance — Opening takbir,"Raise them to the shoulders at the opening takbir, when bowing, when rising from the bow, and again when standing up from the first sitting."
Fajr — Opening takbir; Dhuhr — Opening takbir; ʿAsr — Opening takbir; Maghrib — Opening takbir; ʿIsha — Opening takbir; Tahajjud — Opening takbir; Qiyam al-Layl — Opening takbir; Witr — Opening takbir; Istikhara — Opening takbir; The prayer of repentance — Opening takbir,"Raise them to the shoulders at the opening takbir, when bowing, and when rising from the bow."
Fajr — Prostrate again; Dhuhr — Prostrate again; ʿAsr — Prostrate again; Maghrib — Prostrate again; ʿIsha — Prostrate again; Tahajjud — Prostrate again; Qiyam al-Layl — Prostrate again; Witr — Prostrate again; Istikhara — Prostrate again; The prayer of repentance — Prostrate again,Prostrate again
Fajr — Prostrate again; Dhuhr — Prostrate again; ʿAsr — Prostrate again; Maghrib — Prostrate again; ʿIsha — Prostrate again; Tahajjud — Prostrate again; Qiyam al-Layl — Prostrate again; Witr — Prostrate again; Istikhara — Prostrate again; The prayer of repentance — Prostrate again,"Say the takbir and prostrate a second time, exactly as before. Say:"
Fajr — Prostrate; Dhuhr — Prostrate; ʿAsr — Prostrate; Maghrib — Prostrate; ʿIsha — Prostrate; Tahajjud — Prostrate; Qiyam al-Layl — Prostrate; Witr — Prostrate; Istikhara — Prostrate; The prayer of repentance — Prostrate,Prostrate
Fajr — Prostrate; Dhuhr — Prostrate; ʿAsr — Prostrate; Maghrib — Prostrate; ʿIsha — Prostrate; Tahajjud — Prostrate; Qiyam al-Layl — Prostrate; Witr — Prostrate; Istikhara — Prostrate; The prayer of repentance — Prostrate,"Say the takbir and go down into prostration, with your forehead, nose, both palms, both knees and the toes of both feet touching the ground. Once settled, say:"
Fajr — Prostrate; Dhuhr — Prostrate; ʿAsr — Prostrate; Maghrib — Prostrate; ʿIsha — Prostrate; Tahajjud — Prostrate; Qiyam al-Layl — Prostrate; Witr — Prostrate; Istikhara — Prostrate; The prayer of repentance — Prostrate,"Keep your elbows off the ground and away from your sides, and your toes turned toward the qibla. The hands are not raised for this one."
Fajr — Recite Al-Fatihah; Dhuhr — Recite Al-Fatihah; ʿAsr — Recite Al-Fatihah; Maghrib — Recite Al-Fatihah; ʿIsha — Recite Al-Fatihah; Tahajjud — Recite Al-Fatihah; Qiyam al-Layl — Recite Al-Fatihah; Witr — Recite Al-Fatihah; Istikhara — Recite Al-Fatihah; The prayer of repentance — Recite Al-Fatihah,Recite Al-Fatihah
Fajr — Recite Al-Fatihah; Dhuhr — Recite Al-Fatihah; ʿAsr — Recite Al-Fatihah; Maghrib — Recite Al-Fatihah; ʿIsha — Recite Al-Fatihah; Tahajjud — Recite Al-Fatihah; Qiyam al-Layl — Recite Al-Fatihah; Witr — Recite Al-Fatihah; Istikhara — Recite Al-Fatihah; The prayer of repentance — Recite Al-Fatihah,"This is the one recitation the prayer cannot do without. Learn it first, a verse at a time."
Fajr — Recite Al-Fatihah; Maghrib — Recite Al-Fatihah; ʿIsha — Recite Al-Fatihah,Recite the opening chapter of the Qur’an aloud.
Fajr — Seek refuge; Dhuhr — Seek refuge; ʿAsr — Seek refuge; Maghrib — Seek refuge; ʿIsha — Seek refuge; Tahajjud — Seek refuge; Qiyam al-Layl — Seek refuge; Witr — Seek refuge; Istikhara — Seek refuge; The prayer of repentance — Seek refuge,Seek refuge
Fajr — Seek refuge; Dhuhr — Seek refuge; ʿAsr — Seek refuge; Maghrib — Seek refuge; ʿIsha — Seek refuge; Tahajjud — Seek refuge; Qiyam al-Layl — Seek refuge; Witr — Seek refuge; Istikhara — Seek refuge; The prayer of repentance — Seek refuge,"Still quietly, before you recite the Qur’an, say:"
Fajr — Send prayers on the Prophet; Dhuhr — Send prayers on the Prophet; ʿAsr — Send prayers on the Prophet; Maghrib — Send prayers on the Prophet; ʿIsha — Send prayers on the Prophet; Tahajjud — Send prayers on the Prophet; Qiyam al-Layl — Send prayers on the Prophet; Witr — Send prayers on the Prophet; Istikhara — Send prayers on the Prophet; The prayer of repentance — Send prayers on the Prophet,Send prayers on the Prophet
Fajr — Send prayers on the Prophet; Dhuhr — Send prayers on the Prophet; ʿAsr — Send prayers on the Prophet; Maghrib — Send prayers on the Prophet; ʿIsha — Send prayers on the Prophet; Tahajjud — Send prayers on the Prophet; Qiyam al-Layl — Send prayers on the Prophet; Witr — Send prayers on the Prophet; Istikhara — Send prayers on the Prophet; The prayer of repentance — Send prayers on the Prophet,"Still sitting, continue with:"
Fajr — Sit up; Dhuhr — Sit up; ʿAsr — Sit up; Maghrib — Sit up; ʿIsha — Sit up; Tahajjud — Sit up; Qiyam al-Layl — Sit up; Witr — Sit up; Istikhara — Sit up; The prayer of repentance — Sit up,Sit up
Fajr — Sit up; Dhuhr — Sit up; ʿAsr — Sit up; Maghrib — Sit up; ʿIsha — Sit up; Tahajjud — Sit up; Qiyam al-Layl — Sit up; Witr — Sit up; Istikhara — Sit up; The prayer of repentance — Sit up,"Say the takbir and sit up on your left foot with the right foot upright, hands on your thighs. Say:"
Fajr — Stand for the second rakʿah; Dhuhr — Stand for the second rakʿah; Dhuhr — Stand for the fourth rakʿah; ʿAsr — Stand for the second rakʿah; ʿAsr — Stand for the fourth rakʿah; Maghrib — Stand for the second rakʿah; ʿIsha — Stand for the second rakʿah; ʿIsha — Stand for the fourth rakʿah; Tahajjud — Stand for the second rakʿah; Qiyam al-Layl — Stand for the second rakʿah; Istikhara — Stand for the second rakʿah; The prayer of repentance — Stand for the second rakʿah,"Rise to standing, saying the takbir as you rise, and rest your right hand over your left forearm again."
Fajr — Stand for the second rakʿah; Dhuhr — Stand for the second rakʿah; ʿAsr — Stand for the second rakʿah; Maghrib — Stand for the second rakʿah; ʿIsha — Stand for the second rakʿah; Tahajjud — Stand for the second rakʿah; Qiyam al-Layl — Stand for the second rakʿah; Istikhara — Stand for the second rakʿah; The prayer of repentance — Stand for the second rakʿah,Stand for the second rakʿah
Fajr — Stand up straight; Dhuhr — Stand up straight; ʿAsr — Stand up straight; Maghrib — Stand up straight; ʿIsha — Stand up straight; Tahajjud — Stand up straight; Qiyam al-Layl — Stand up straight; Witr — Stand up straight; Istikhara — Stand up straight; The prayer of repentance — Stand up straight,Stand up straight
Fajr — Stand up straight; Dhuhr — Stand up straight; ʿAsr — Stand up straight; Maghrib — Stand up straight; ʿIsha — Stand up straight; Tahajjud — Stand up straight; Qiyam al-Layl — Stand up straight; Witr — Stand up straight; Istikhara — Stand up straight; The prayer of repentance — Stand up straight,"Rise from bowing, raising your hands as you come up, until you are standing upright and still, saying:"
Fajr — Stand up straight; Dhuhr — Stand up straight; ʿAsr — Stand up straight; Maghrib — Stand up straight; ʿIsha — Stand up straight; Tahajjud — Stand up straight; Qiyam al-Layl — Stand up straight; Witr — Stand up straight; Istikhara — Stand up straight; The prayer of repentance — Stand up straight,Stand until your back has properly settled before you go down. Rushing this is the commonest fault in a new Muslim’s prayer.
Fajr — Turn to your left,That is Fajr complete.
Fajr — Turn to your left; Dhuhr — Turn to your left; ʿAsr — Turn to your left; Maghrib — Turn to your left; ʿIsha — Turn to your left; Tahajjud — Turn to your left; Qiyam al-Layl — Turn to your left; Witr — Turn to your left; Istikhara — Turn to your left; The prayer of repentance — Turn to your left,Turn to your left
Fajr — Turn to your left; Dhuhr — Turn to your left; ʿAsr — Turn to your left; Maghrib — Turn to your left; ʿIsha — Turn to your left; Tahajjud — Turn to your left; Qiyam al-Layl — Turn to your left; Witr — Turn to your left; Istikhara — Turn to your left; The prayer of repentance — Turn to your left,Then turn your face to the left and give the same greeting again.
Fajr — Turn to your right; Dhuhr — Turn to your right; ʿAsr — Turn to your right; Maghrib — Turn to your right; ʿIsha — Turn to your right; Tahajjud — Turn to your right; Qiyam al-Layl — Turn to your right; Witr — Turn to your right; Istikhara — Turn to your right; The prayer of repentance — Turn to your right,Turn to your right
Fajr — Turn to your right; Dhuhr — Turn to your right; ʿAsr — Turn to your right; Maghrib — Turn to your right; ʿIsha — Turn to your right; Tahajjud — Turn to your right; Qiyam al-Layl — Turn to your right; Witr — Turn to your right; Istikhara — Turn to your right; The prayer of repentance — Turn to your right,"Still sitting, turn your face to the right until your cheek can be seen from behind you, and give the greeting."
Fajr — Turn to your right; Dhuhr — Turn to your right; ʿAsr — Turn to your right; Maghrib — Turn to your right; ʿIsha — Turn to your right; Tahajjud — Turn to your right; Qiyam al-Layl — Turn to your right; Witr — Turn to your right; Istikhara — Turn to your right; The prayer of repentance — Turn to your right,"You are greeting the people beside you, and the angels. If you are praying alone, you still turn."
Fajr — What are the two rakʿahs before it?,What are the two rakʿahs before it?
Fajr — What are the two rakʿahs before it?,"A short voluntary prayer, prayed quietly before Fajr itself. It is the sunnah prayer the Prophet ﷺ called better than the world and everything in it."
Fajr — What are the two rakʿahs before it?,"This narration is about the sunnah pair, not the obligatory prayer. Two small extra rakʿahs, and they are the ones described as better than this world and what it contains."
Fajr — What if I sleep through it?,"Pray it when you wake up. Sleeping through a prayer is not the sin the voice in your head at 9am says it is. The prayer is simply owed when your eyes open, and the page on missing a prayer walks through exactly what to do."
Fajr — What is Fajr?,What is Fajr?
Fajr — What is Fajr?,"Two rakʿahs, prayed between first light and sunrise. It is the shortest of the five prayers, and the one the Prophet ﷺ spoke about most."
Fajr — Why is it worth getting up?,Why is it worth getting up?
Fajr — Why is it worth getting up?,Because more was promised for this one than for any other.
Family — Do I have to tell them?,Do I have to tell them?
Family — Do I have to tell them?,"There is no requirement to announce it, and no deadline. Some people tell everyone the same week; others wait months, or years, because the cost at home would be serious. Nothing in your prayer or your standing with God depends on who knows."
Family — Do I have to tell them?,"If it is not safe to tell your family, that is a real situation many converts are in and not a failure of courage. Find one person who knows before you tell anyone who might react badly."
Family — What about marriage?,What about marriage?
Family — What about marriage?,"The Qur’an describes marriage as a place of tranquillity, affection and mercy. That is the standard being aimed at. The Prophet ﷺ said the best of you is the best to his family, and he said it about himself first."
Family — What about marriage?,"Who you may marry, and what a valid marriage requires, has real detail to it and depends on your circumstances. It is a question to take to someone locally rather than settle from a page."
Family — What if my parents are not Muslim?,What if my parents are not Muslim?
Family — What if my parents are not Muslim?,"This changes nothing about how you treat them. The Qur’an addresses exactly this: even where parents press their child to abandon belief in God alone, the instruction is not to obey them in that, and in the same breath to keep their company in this world with kindness. Both halves are the instruction."
Family — What if my parents are not Muslim?,Becoming Muslim does not cancel a family. Converts are sometimes told to distance themselves from non-Muslim relatives; that is not what the text says.
Family — Where do parents sit?,Where do parents sit?
Family — Where do parents sit?,"The Qur’an places kindness to parents immediately after worshipping God alone, in the same sentence. When a man asked the Prophet ﷺ who most deserved his good company, the answer was ""your mother"", three times, before ""your father""."
Fasting outside Ramadan — Do I have to do any of this?,Do I have to do any of this?
Fasting outside Ramadan — Do I have to do any of this?,"No. Ramadan is the fast that is required. Everything on this page is voluntary, and skipping all of it is not a shortcoming. ʿĀʾishah described the Prophet ﷺ fasting in stretches where you would think he would never stop, and then not fasting in stretches where you would think he would never fast again. That is worth holding on to if you have decided you are failing at something."
Fasting outside Ramadan — How is it different from Ramadan?,How is it different from Ramadan?
Fasting outside Ramadan — How is it different from Ramadan?,"It is not different. The fast itself is the same, dawn to sunset, and it begins with the same intention. What differs is that you can stop. A voluntary fast can be broken partway through without owing anything, which is not true of Ramadan, and that alone makes it a reasonable thing to try on a working day."
Fasting outside Ramadan — How should I start?,How should I start?
Fasting outside Ramadan — How should I start?,"One Monday. Not a schedule, not a commitment, not a fast you have announced. Do one, see what it is like on a normal day with a normal job, and decide afterwards.

If it goes badly, that is information rather than failure, and nothing about it is recorded anywhere."
Fasting outside Ramadan — How should I start?,Do not start the week you also start praying five times. One new thing at a time is how either of them lasts.
Fasting outside Ramadan — Which days do people fast?,Which days do people fast?
Fasting outside Ramadan — Which days do people fast?,"A few, and they are ordinary rather than obscure. The easiest to start with are the weekly ones, because they need no calendar at all."
Fasting outside Ramadan — Which days do people fast?,"This app does not give the date of ʿAshuraʾ or ʿArafah. Those depend on the moon being sighted, and a calculated date is wrong often enough to be worth not trusting. Ask your mosque in the week beforehand."
Fasting where nobody else is — Is breaking the fast alone still Ramadan?,Is breaking the fast alone still Ramadan?
Fasting where nobody else is — Is breaking the fast alone still Ramadan?,"An iftar for one, a date, a glass of water and a plate you made yourself in a quiet kitchen, is a full iftar, seen by the One you kept the fast for. The dua for breaking the fast is in the Dua tab, and the moment is yours either way.

It is still worth saying that this is the loneliest recurring moment of a Ramadan kept alone, and it does not have to stay that way."
Fasting where nobody else is — Is it supposed to feel this strange?,Is it supposed to feel this strange?
Fasting where nobody else is — Is it supposed to feel this strange?,"Ramadan is built as a shared month: shared pre-dawn meals, shared sunsets, whole cities changing rhythm. Keeping it alone, in a place running at its ordinary pace, is genuinely harder than keeping it among people who are also hungry. If your first Ramadan feels like swimming against a current, that is the situation, not a fault in your fasting.

The fast itself is exactly as valid alone as it would be in Mecca. Other people taking part is not a condition of yours."
Fasting where nobody else is — What do I say at work or school?,What do I say at work or school?
Fasting where nobody else is — What do I say at work or school?,"You owe no one an announcement, and you are hiding nothing shameful. Both are true at once, and you choose where you stand between them. Many people simply decline lunch with “I’m good, thanks.” Saying “I’m fasting, it’s Ramadan” is also a complete answer, and most colleagues respond with curiosity rather than hostility.

The questions that follow are nearly always the same three. Not even water? No, not even water. The whole month? Daylight hours, every day. Isn’t that dangerous? Hundreds of millions of people do it every year, and the sick, the pregnant and the travelling are exempt."
Fasting where nobody else is — What do I say at work or school?,"If people at work or at home do not know you are Muslim, you do not have to tell them in order to fast. A quiet “I’m not eating right now” has covered many first Ramadans. The Family page has more on telling people."
Fasting where nobody else is — What if someone gives me a hard time?,What if someone gives me a hard time?
Fasting where nobody else is — What if someone gives me a hard time?,"The Prophet ﷺ gave an instruction for exactly this moment, and it is short. The fast is a shield, and if someone picks a fight or insults you while you are keeping it, you say “I am fasting” and leave it there. Out loud or under your breath, either way. The point is that the fast changes how you answer provocation, not only what you eat."
"Fasting where nobody else is — Where are all the other Muslims, then?","Where are all the other Muslims, then?"
"Fasting where nobody else is — Where are all the other Muslims, then?","At the mosque, every single evening. Ramadan is the one month of the year when a mosque runs a free communal meal at sunset, open to whoever walks in. Turning up alone is completely unremarkable, because half the room came alone. No one will ask why you are there. If anyone asks anything, it will be whether you have eaten.

If there is a month to make a mosque yours, it is this one. The night prayers afterwards are covered on the page about standing at night, and you can leave whenever you need to."
"Fasting where nobody else is — Where are all the other Muslims, then?","Iftar time at the mosque follows the local sighting and the local minute, not this app’s calculation. When they differ, eat when the mosque eats."
Five Pillars — Fasting in Ramadan,Fasting in Ramadan
Five Pillars — Fasting in Ramadan,"No food, drink or intimacy from dawn until sunset, for the month of Ramadan."
Five Pillars — Fasting in Ramadan,"Ramadan moves through the year, so its length and difficulty change with the season. There are real exemptions for illness, travel, pregnancy, nursing, menstruation and old age, and taking one is not a failure. Some days are made up later, some are not."
Five Pillars — Obligatory charity,Obligatory charity
Five Pillars — Obligatory charity,"A yearly share of the wealth you have held onto, given to those entitled to it."
Five Pillars — Obligatory charity,"Zakat is not a donation you choose to make. It is a portion of your savings that stops being yours. It applies only above a threshold, and only to wealth you have held for a full lunar year, so many people newly earning owe none at all. The app can work out the sum for cash, gold and silver. It counts nothing else, and whether zakat applies to you is still worth asking someone locally."
Five Pillars — Pilgrimage,Pilgrimage
Five Pillars — Pilgrimage,"The pilgrimage to Mecca, once in a lifetime, for those able to make it."
Five Pillars — Pilgrimage,"Hajj happens on fixed days of the Islamic year and is required once, and only if you can afford it and are physically able. Most Muslims go later in life, if at all. Nothing about it is expected of you now."
Five Pillars — Prayer,Prayer
Five Pillars — Prayer,"Five prayers a day, at set times, facing the Kaʿbah in Mecca."
Five Pillars — Prayer,"Fajr before sunrise, Dhuhr after midday, ʿAsr in the afternoon, Maghrib just after sunset, and ʿIsha at night. Each one takes a few minutes. You wash first, which is wudu, and the app walks you through both."
Five Pillars — The testimony of faith,The testimony of faith
Five Pillars — The testimony of faith,"Saying, and meaning, that there is no god but Allah and that Muhammad is His Messenger."
Five Pillars — The testimony of faith,"This is the pillar the other four rest on. Saying it sincerely is what makes a person Muslim, and it is repeated in every prayer for the rest of your life. It is two statements held together: that worship belongs to Allah alone, and that Muhammad ﷺ is the one who conveyed how."
Food and drink — Is supermarket meat halal?,Is supermarket meat halal?
Food and drink — Is supermarket meat halal?,"People genuinely differ, and you will be told opposite things with equal confidence. The Qur’an permits the food of the People of the Book; what scholars disagree about is whether modern industrial slaughter still resembles what that verse describes. Certified halal meat satisfies every position, which is where most converts start."
Food and drink — Is supermarket meat halal?,"Muslims in Western countries genuinely differ on supermarket meat, and you will be told opposite things with equal confidence."
Food and drink — Is supermarket meat halal?,"The starting point is not in dispute. All four schools hold that meat slaughtered by Jews and Christians is lawful, and all four hold that an animal killed by strangling, electrocution or anything other than cutting the throat was not lawfully slaughtered at all. What people disagree about is whether a modern slaughterhouse still meets that second condition. Stunning, mechanical blades and who is actually doing the slaughtering are all part of it.

So this is a question about how agreed rules apply today, not a split between the schools, and no school is named here. Some scholars hold that the verse still covers ordinary supermarket meat. Others hold that industrial slaughter no longer resembles what the verse describes, and restrict meat to what is certified. Certified halal meat satisfies every position, which is why most converts start there and settle the question later. Taking the cautious route while you learn is not strange, and relying on the verse is not lax. The specifics are worth asking someone locally rather than settling from an article."
Food and drink — What about eating with my family?,What about eating with my family?
Food and drink — What about eating with my family?,"You do not have to stop eating with people who are not Muslim, and you do not have to make a scene. Eat what you can, quietly leave what you cannot, and answer questions if they come. Most families adjust faster when the change is undramatic."
Food and drink — What about eating with my family?,"Utensils that touched pork, or a shared roasting tin, worry converts far more than they worry most scholars. Wash it and move on."
Food and drink — What changes at the supermarket?,What changes at the supermarket?
Food and drink — What changes at the supermarket?,"Reading labels, for a few weeks. Then it is automatic."
Food and drink — What is actually forbidden?,What is actually forbidden?
Food and drink — What is actually forbidden?,"Five things, and the Qur’an names each of them outright."
Friday prayer — Can I talk during the talk?,Can I talk during the talk?
Friday prayer — Can I talk during the talk?,"No, and this is the part visitors most often get wrong. The khutbah is listened to in silence. It is not whispered over or scrolled through. The Prophet ﷺ said that even telling the person beside you to be quiet while the imam is speaking counts as idle talk. If somebody asks you something, a shake of the head is enough."
Friday prayer — Can I talk during the talk?,"Put your phone on silent before you sit down, not after the talk starts. Everyone will hear you fumbling for it."
Friday prayer — Do I have to go?,Do I have to go?
Friday prayer — Do I have to go?,"For men who can get there, yes. It is obligatory, not just recommended, and that is the one thing about Friday to be clear on. Women may attend and are welcome, but it is not required of them. A woman who prays Dhuhr at home on a Friday has done what is asked of her."
Friday prayer — Do I have to go?,All the schools agree that Jumuʿah is not obligatory for women. Attending is not discouraged either. Plenty of mosques have a full women’s section on a Friday.
Friday prayer — Is this an extra prayer?,Is this an extra prayer?
Friday prayer — Is this an extra prayer?,"No. On Friday the midday prayer is prayed differently. Instead of praying Dhuhr on your own, you go to a mosque, listen to a talk, and pray two rakʿahs behind the imam. That takes the place of Dhuhr. It is not added to it.

So if you pray Jumuʿah, you do not pray Dhuhr as well. People new to this often do both. It is not required."
Friday prayer — What actually happens?,What actually happens?
Friday prayer — What actually happens?,"You arrive, take your shoes off, and pray two short rakʿahs on your own before you sit down. Then the imam gives a talk from the front, usually about twenty minutes long, in two parts with a short pause in between. When it ends, everyone stands and prays two rakʿahs together. Then it is over and people leave."
Friday prayer — What if I arrive while it is happening?,What if I arrive while it is happening?
Friday prayer — What if I arrive while it is happening?,"Come in quietly and sit down where there is room. If you arrive during the talk, do not walk through the rows looking for a better spot. You still pray the two short rakʿahs first, briefly, because the Prophet ﷺ told a man who came in during the khutbah to stand and pray them.

If you arrive after the congregation has already started praying, join the line where you are and follow the imam from wherever he has got to. When he finishes and gives salam, do not leave. Stand back up and pray the rakʿahs you missed on your own. That last part is what completes your prayer."
Friday prayer — What if I arrive while it is happening?,A latecomer draws no attention. Walking across the front of the room in the middle of the talk is the one thing that does.
Friday prayer — What if it is my first time?,What if it is my first time?
Friday prayer — What if it is my first time?,"Stand at the back, watch, and copy. No one is examining you, and every person in that room was new to it once. You do not have to speak to anyone or introduce yourself, and you can leave straight afterwards."
Friday prayer — What if it is my first time?,"If you would rather see the room before a Friday, go on a quieter day first. The mosque page covers that."
Friday prayer — When should I get there?,When should I get there?
Friday prayer — When should I get there?,"Before the talk begins, which usually means ten or fifteen minutes before the advertised time. Arriving early is encouraged in its own right, and it also saves you walking in front of a seated room. Washing and putting on clean clothes before you go is part of the day."
Ghusl — Intend,"Intend in your heart that you are washing to lift the state you are in, then say:"
Ghusl — Perform wudu,Perform wudu
Ghusl — Perform wudu,"Do a complete wudu as you normally would, including rinsing your mouth and nose. You may leave washing your feet until the very end."
Ghusl — Pour over your head,Pour over your head
Ghusl — Pour over your head,"Pour water over your head three times, working it through your hair until the water reaches the roots and the scalp is wet everywhere."
Ghusl — Pour over your head,"Long hair does not need undoing for this, but the water has to reach the scalp underneath."
Ghusl — Wash the rest of you,Wash the rest of you
Ghusl — Wash the rest of you,"Pour water over the right side of your body, then the left, until every part of you has been reached: under the arms, behind the ears, between the toes. Nothing may be left dry."
Ghusl — Wash the rest of you,"Take off anything water cannot pass, such as a ring or a watch, or move it as you go."
Ghusl — Wash your feet,"If you left your feet until now, wash them, and you are finished."
Ghusl — Wash your feet,"This ghusl counts as your wudu too. You can pray without repeating it, as long as nothing breaks your wudu afterwards."
Ghusl — Wash your hands,"Wash both hands up to the wrists, three times."
Ghusl — Wash yourself,Wash yourself
Ghusl — Wash yourself,"Wash the private parts and anywhere else on the body carrying impurity, using your left hand. Then wash your hands again."
Ghusl — When you need it,When you need it
Ghusl — When you need it,"Ghusl is required after sex, whether or not anything was released, and after any release of semen, including in your sleep. It is required when a period ends, and when bleeding after childbirth ends. Until you have done it, wudu is not enough and prayer is not valid."
Ghusl — When you need it,"It is also recommended, though not required, before Friday prayer, before the two Eids, and for someone who has just become Muslim."
Ghusl — When you need it,"The thinner, clear fluid that comes with arousal is not the same thing and does not need a ghusl. Wash the part and the clothing it touched, do wudu, and pray."
Ghusl — When you need it,"`Ali was too shy to ask and sent al-Miqdad to ask for him. The answer was that it requires wudu, not ghusl. The books keep the two fluids carefully apart, and so does this guide."
Ghusl — When you need it,"Whether the wash on becoming Muslim is required or strongly recommended is a point scholars differ on. Doing it settles the question either way, which is why this app simply says to do it."
Ghusl — When you need it,"Two reports carry it. Thumamah ibn Uthal, released from the pillar of the mosque, went to a nearby grove, washed, came back and said the shahada. Bukhari files that under a chapter headed ""taking a bath on embracing Islam"". And Qays ibn `Asim came intending to accept Islam and was told to wash.

Scholars read the second report differently, some as a command and some as guidance. The reading that makes it recommended is the more common one, and it is held inside the Hanbali school as well: a group of Hanbalis report it from Ahmad himself, and al-Mardawi, whose role in that school was to say which position it settles on, chose it. No one holds that your Islam is incomplete without it, and no one thinks less of you for doing it a week later than the day itself."
Ghusl — When you need it,The well-known position of the school holds the full wash obligatory on entering Islam.
Ghusl — When you need it,"Hold it recommended, unless something else, such as intimacy beforehand, had already made a ghusl due."
Ghusl — When you need it,Hold it recommended rather than owed.
Ghusl — When you need it,"The Friday wash is strongly encouraged rather than owed, and all four schools treat it as a sunnah. The narration that settles it says a wudu on Friday is fine and good, and a ghusl is better."
Ghusl — When you need it,"All four schools hold the Friday ghusl to be a sunnah. The reading of Bukhari 877, ""anyone of you attending the Friday prayer should take a bath"", as an obligation is held outside them. Tirmidhi records ash-Shafi`i's own argument for the sunnah reading: `Umar was addressing the congregation when `Uthman arrived having only done wudu, and `Umar reproached him without sending him back to wash. Neither of them treated it as a condition, and both knew the instruction. One practical point the schools also agree on: it only counts as the Friday wash if it is done before the prayer."
Ghusl — When you need it,"The Eid wash is a companion's practice more than a narrated command. Ibn `Umar washed on the morning of Eid al-Fitr before setting out, and the practice has been kept ever since."
Ghusl — When you need it,"The narration that says the Prophet ﷺ himself washed on both Eids is graded weak by Darussalam, so the recommendation does not rest on it, and it is labelled as weak here rather than quietly promoted. What the recommendation rests on is Malik's report of Ibn `Umar in the Muwatta."
Guide: Becoming Muslim,Becoming Muslim
Guide: Becoming Muslim,"What to say, and what it means"
Guide: Dhuhr,4 rakʿah · After midday
Guide: Dhuhr; Reference: Dhuhr,Dhuhr
Guide: Fajr,"2 rakʿah · Dawn, before sunrise"
Guide: Fajr; Reference: Fajr,Fajr
Guide: Ghusl,Ghusl
Guide: Ghusl,"The full wash, and when you need it"
Guide: Istikhara,2 rakʿah · Ask Allah to choose when you have a decision to make
Guide: Istikhara; Reference: Istikhara,Istikhara
Guide: Maghrib,3 rakʿah · Just after sunset
Guide: Maghrib; Reference: Maghrib,Maghrib
Guide: Qiyam al-Layl,"2 rakʿah · Any part of the night, before you sleep"
Guide: Qiyam al-Layl; Reference: Qiyam al-Layl,Qiyam al-Layl
Guide: Tahajjud,2 rakʿah · The last third of the night
Guide: Tahajjud; Reference: Tahajjud,Tahajjud
Guide: Tayammum,Tayammum
Guide: Tayammum,When you cannot use water
Guide: The prayer of repentance,2 rakʿah · Ask Allah for forgiveness
Guide: The prayer of repentance; Reference: The prayer of repentance,The prayer of repentance
Guide: Witr,"1 rakʿah · To close the night, after any night prayer"
Guide: Witr; Reference: Witr,Witr
Guide: Wudu,Wudu
Guide: Wudu,Washing before prayer
Guide: ʿAsr,4 rakʿah · Late afternoon
Guide: ʿAsr; Reference: ʿAsr,ʿAsr
Guide: ʿIsha,4 rakʿah · Night
Guide: ʿIsha; Reference: ʿIsha,ʿIsha
Hajj and Umrah — What is Hajj?,What is Hajj?
Hajj and Umrah — What is Hajj?,"The pilgrimage to the Kaʿbah in Mecca, in the days of Dhul-Hijjah, the last month of the year. Millions of people arrive in the same week, dress in the plainest clothes, walk the same route, stand together on the plain of ʿArafah through one afternoon, and go home. It is the fifth pillar. The Qur’an calls the Kaʿbah the House, and calls the journey to it a duty owed to Allah."
"Hajj and Umrah — What is the difference, in one line?","What is the difference, in one line?"
"Hajj and Umrah — What is the difference, in one line?","Hajj is the pilgrimage with the fixed days and the standing at ʿArafah, owed once in a lifetime to anyone who can make it. Umrah is the short form, in any month. You will meet people who have made Umrah several times and Hajj never, and that is ordinary."
"Hajj and Umrah — What is the difference, in one line?","Nothing about either is expected of you now. When it becomes possible, go with a group that knows the rites. Nobody learns Hajj from a page, and this app does not try to teach it."
Hajj and Umrah — What is Umrah?,What is Umrah?
Hajj and Umrah — What is Umrah?,"The smaller pilgrimage: the same journey to the same House, without the fixed days and the standing at ʿArafah that make Hajj what it is. It takes a few hours and it can be made in any month. Many people make it in Ramadan, or on the way to or from Hajj itself. The Qur’an names both together, and the Prophet ﷺ said that one Umrah to the next wipes out what lies between them, and that an accepted Hajj has no reward but Paradise."
Hajj and Umrah — What is Umrah?,"Whether Umrah is required once in a lifetime, as Hajj is, or only recommended, is a difference between the schools."
Hajj and Umrah — What is Umrah?,"Either way it is not expected of you now, and the practical answer is the same: go when you are able, and go with people who know the way."
Hajj and Umrah — What is Umrah?,"Recommended, not required."
Hajj and Umrah — What is Umrah?,"Required once in a lifetime for whoever is able, like Hajj."
Hajj and Umrah — When does it become mine to do?,When does it become mine to do?
Hajj and Umrah — When does it become mine to do?,"When you are able. The verse says it is owed by whoever can find a way there, and the scholars read that as being physically able to travel, having the money for the journey without leaving debts or dependants unprovided for, and the road being safe. Until those are true, nothing is owed. Most converts go later in life, and that is not neglect. It is the condition not yet being met."
Hajj and Umrah — When does it become mine to do?,"The details of what counts as able, and who you travel with, are questions to ask before you book, not to settle from a page."
Hajj and Umrah — Why does it matter so much?,"Because of what it does to the person who goes. The Prophet ﷺ said that whoever performs Hajj for Allah’s sake, without intimacy and without sin during it, comes back as he was on the day his mother bore him. People who have been describe the same thing in plainer words: a week in which everything you usually are, your work, your clothes, your country, is set down, and you are one of two million people in white asking to be forgiven."
Hajj and Umrah — Why does it matter so much?; Dua and dhikr — Why does it matter so much?; ʿAsr — Why does it matter so much?,Why does it matter so much?
Halal and haram — Do I need permission for ordinary things?,Do I need permission for ordinary things?
Halal and haram — Do I need permission for ordinary things?,"This is the part people get backwards. Things are permitted unless there is a clear reason otherwise, and the Qur’an describes the Prophet’s ﷺ message as making good things lawful rather than piling on prohibitions. You do not need to find permission for ordinary life."
Halal and haram — What about things in between?,What about things in between?
Halal and haram — What about things in between?,"The Prophet ﷺ said the lawful is clear and the unlawful is clear, and between them are matters that are unclear, which many people do not know about. Someone who stays away from what is doubtful protects their faith and their honour. That middle ground is where most real questions live."
Halal and haram — What about things in between?,"This is guidance for your own choices, not a licence to police anyone else’s. Being cautious about a doubtful thing for yourself is careful; declaring it forbidden for other people is a different act entirely."
Halal and haram — What do halal and haram mean?,What do halal and haram mean?
Halal and haram — What do halal and haram mean?,"Halal means permitted. Haram means forbidden. They apply to everything, not just food: how you earn money, how you speak about people, what you wear. Most of life is halal and always was; the forbidden list is short."
Halal and haram — What if I am not sure?,What if I am not sure?
Halal and haram — What if I am not sure?,"Ask someone qualified, and ask about your actual situation rather than the general case, because circumstances change answers. You will also meet Muslims who are certain of opposite answers on the same question. That usually means it is a genuine point of scholarly difference rather than that one of them is lying to you."
How it began — How did it end?,How did it end?
How it began — How did it end?,"Eight years after being driven out he entered Mecca as its conqueror, and the city gave in. He went to the Kaʿbah, where three hundred and sixty idols stood, and struck them down one by one, saying: truth has come and falsehood has vanished. The tribes of Arabia then entered Islam in crowds, and a short chapter of the Qur’an describes it. He died in Medina ten years after arriving there, at sixty-three."
How it began — What changed in Medina?,What changed in Medina?
How it began — What changed in Medina?,"Medina had invited him, and there the persecuted group became a community. He asked the owners of a piece of land its price, they gave it, and a mosque went up on it with him carrying stones beside his companions. The call to prayer, the fast of Ramadan and most of what Muslims do every day took their settled form there. It is also where permission to fight came, in a verse that says why it was given: because they were wronged, and driven from their homes for saying ""our Lord is God"". Mecca sent armies against the new community more than once."
How it began — What happened in the cave?,What happened in the cave?
How it began — What happened in the cave?,"He had taken to going alone to a cave on a hill outside Mecca, for nights at a time. On one of those nights the angel Jibril, Gabriel, came to him and said ""Read"". He answered that he could not read. Three times the angel pressed him, and then the first words of the Qur’an were given to him. He went home shaking and asked Khadijah to cover him. She told him God would never disgrace him, because of how he treated people, and she believed him. The five verses printed here are those words."
How it began — Who was he before that night?,Who was he before that night?
How it began — Who was he before that night?,"Muhammad ﷺ was born in Mecca, a trading town in Arabia built around the Kaʿbah, the house Muslims believe Ibrahim, or Abraham, raised with his son Ismail for the worship of one God. By his time the town worshipped many. He lost both parents as a child, and the Qur’an speaks of it to him directly: did He not find you an orphan and give you refuge? He grew up, married Khadijah, and was forty the night the angel came."
How it began — Why did they leave Mecca?,Why did they leave Mecca?
How it began — Why did they leave Mecca?,"For thirteen years he taught in Mecca, and the town’s leaders turned on the small group that followed him. Some crossed the sea to Abyssinia to be safe. Abu Bakr, his closest friend, set out to do the same, and was talked into returning by a chief who said a man who helped the poor and kept his family ties should not be driven out. In the end the leaders plotted to imprison or kill him, and in 622 he and Abu Bakr left for Medina. They hid in a cave on the way while men searched the hill above them. The Qur’an records what he said there: do not grieve, God is with us."
How it began — Why does the calendar start there?,Why does the calendar start there?
How it began — Why does the calendar start there?,"His companions did not count the years from his birth, or from the first revelation, or from his death. They counted from the day he arrived in Medina. So the year in an Islamic date is the number of years since a persecuted group found a place where it could pray. When the date on the calendar page looks strange, that is what it is counting."
How prayer works — How do I actually learn it?,How do I actually learn it?
How prayer works — How do I actually learn it?,"By praying, with the guide open. Pick the next prayer of the day, follow it step by step on the mat, and let the pattern teach itself. After a week the guide is confirming what your body already knows. No one learns the prayer from a page and then performs it. Everyone learns it by doing it imperfectly first.

And not knowing all of it yet is not a reason to wait. There is a page on exactly that, and it is short."
How prayer works — So what changes between the five?,So what changes between the five?
How prayer works — So what changes between the five?,"Only the count, and whether you hear the recitation:"
How prayer works — So what changes between the five?,"The Every prayer screen keeps this table one tap away, with the sunnah prayers before and after each one. You never need to hold it in your memory."
How prayer works — What holds the rounds together?,What holds the rounds together?
How prayer works — What holds the rounds together?,"Three joints, and the guides walk you through each of them. The prayer opens with Allāhu akbar. In prayers longer than two rakʿahs, you sit briefly for the tashahhud after the second. At the very end you sit again, say the tashahhud, and close by turning your head to each side with the salam. Everything else is the rounds themselves."
How prayer works — What is one rakʿah?,What is one rakʿah?
How prayer works — What is one rakʿah?,"A rakʿah is one round of the prayer’s movements. When the Prophet ﷺ was asked to teach the prayer, what he listed is short, and it is this round:"
How prayer works — What is one rakʿah?,"That is the unit. A four-rakʿah prayer is this, four times. Nothing new appears in round three that was not in round one."
How prayer works — Why do the five prayers look identical?,Why do the five prayers look identical?
How prayer works — Why do the five prayers look identical?,"Because they are. Every prayer in Islam is the same movements and the same words, repeated a set number of times. Fajr is not one skill and Maghrib another. There is one skill, and it is smaller than the step-by-step guides make it look. Learn it once and you have learned every prayer you will ever pray, including the voluntary ones.

Only two things change from prayer to prayer: how many times round, and whether the Qur’an is recited aloud or quietly."
I made a mistake and finished praying — I think I got something wrong. Is the prayer gone?,I think I got something wrong. Is the prayer gone?
I made a mistake and finished praying — I think I got something wrong. Is the prayer gone?,"Almost certainly not. What you do depends on what it was, and there are only three kinds of thing it could have been: a doubt with nothing behind it, a small part left out, or one of the few things the prayer cannot do without. Most of what beginners notice afterwards is the first kind, and the answer to the first kind is to do nothing at all."
I made a mistake and finished praying — It keeps happening. What then?,It keeps happening. What then?
I made a mistake and finished praying — It keeps happening. What then?,"Then it is the first kind, the doubt with nothing behind it, and the instruction is the same one the page on losing count gives: ignore it and go on. A doubt that returns after every prayer is not information about your prayers. It is a habit of the mind, and it is answered by not feeding it. Pray, finish, and do not audit."
I made a mistake and finished praying — What if I actually left out a small thing?,What if I actually left out a small thing?
I made a mistake and finished praying — What if I actually left out a small thing?,"The first sitting, a takbir, an extra movement, a word in the wrong place: these are fixed by the two prostrations of forgetfulness, and the page on losing count describes them. If you remember while you are still sitting after the salam, make the two prostrations then; the Prophet ﷺ did exactly that when he ended a prayer early, completed it, and prostrated twice afterwards. If you have already got up and walked away, the answer depends on how long it has been, and on the school you follow."
I made a mistake and finished praying — What if I actually left out a small thing?,Whether a prayer that needed the two prostrations and did not get them has to be repeated is a real difference between the schools.
I made a mistake and finished praying — What if I actually left out a small thing?,"Both positions are argued from the same narrations. As a beginner, follow whoever taught you, and do not repeat prayers on your own initiative because a stranger said you should."
I made a mistake and finished praying — What if I actually left out a small thing?,The two prostrations are required. A prayer that needed them and did not get them is repeated.
I made a mistake and finished praying — What if I actually left out a small thing?,The two prostrations are recommended. A prayer without them stands.
I made a mistake and finished praying — What if I missed something the prayer cannot do without?,What if I missed something the prayer cannot do without?
I made a mistake and finished praying — What if I missed something the prayer cannot do without?,"A bowing, a prostration, Al-Fatihah, a whole rakʿah. These are the things the Prophet ﷺ listed when he taught the man who had prayed badly, and he sent that man back to pray because they were missing. If you realise while you are still in your place and only a moment has passed, stand and complete what was missed, then make the two prostrations. If it has been a while, pray it again. That is rare, and it is not a disaster: the second prayer is the prayer."
I made a mistake and finished praying — What if I missed something the prayer cannot do without?,"How long is “a while” is a question for a person, not a page. If it happens to you, ask once, and then you will know for good."
I made a mistake and finished praying — What if I only doubt it?,What if I only doubt it?
I made a mistake and finished praying — What if I only doubt it?,"Then let it go. If you finished the prayer and only afterwards began to wonder whether you bowed in the third rakʿah, and you have no actual memory of missing it, the prayer stands. The scholars’ rule is that certainty is not undone by doubt: you were certain you prayed, and a doubt that arrived later does not outweigh that. The Prophet ﷺ taught the same thing for doubt during the prayer, to set aside the doubt and build on what you are sure of. Afterwards, what you are sure of is that you prayed."
I made a mistake and finished praying — What if I prayed without wudu?,What if I prayed without wudu?
I made a mistake and finished praying — What if I prayed without wudu?,"Then pray it again, whenever you realise. The Prophet ﷺ said the prayer of someone who has broken wudu is not accepted until they make wudu, and that is true whether you knew at the time or worked it out afterwards. Nobody is blamed for the mistake. The prayer is simply owed.

If what you found afterwards was something on your clothes rather than a broken wudu, the answer is less simple and depends on what it was and whether you could have known. Ask, and do not assume the worst."
If you already have a partner — How do I tell them?,How do I tell them?
If you already have a partner — How do I tell them?,"Earlier than feels comfortable, and more plainly than you want to. What damages a relationship here is rarely the conversion itself. It is the six weeks of a partner sensing that something has changed and not being told what.

You do not need all the answers before you talk to them. ""This is real for me, I am still working out what it means, and I am not going anywhere"" is a complete opening."
If you already have a partner — How do I tell them?,A partner’s first reaction is often not their settled one. Give the conversation more than one attempt before concluding anything from it.
If you already have a partner — Is my situation unusual?,Is my situation unusual?
If you already have a partner — Is my situation unusual?,"No. Most people do not arrive at Islam alone. They arrive with a partner, or a marriage, or children, and often with none of it discussed yet. It is one of the most common situations converts are in, and any imam you speak to will have handled it many times before.

What is uncommon is being told that in advance."
If you already have a partner — What happens to my marriage?,What happens to my marriage?
If you already have a partner — What happens to my marriage?,"It depends on who you both are, and the answer is genuinely different from one couple to the next. That is why there is no single answer here. What you can know now is that ""you must divorce"" is not the automatic answer people often assume. Anyone who tells you it is, without asking anything about your situation, is not the person to be advising you.

Take it to somebody who will ask questions first: your local imam, or a scholar you can actually speak to."
If you already have a partner — What happens to my marriage?,"This is a genuine area of scholarly difference, and the ruling depends on the case. There is no settled single answer. Somebody who gives you one in a sentence has not understood the question."
If you already have a partner — What if we are together but not married?,What if we are together but not married?
If you already have a partner — What if we are together but not married?,"Then the direction you are being pointed in is marriage, and honestly, that will be a conversation rather than an announcement. Some couples marry. Some separate. Some spend a long time somewhere in between while a partner works out what they think.

All three happen, and none of them means you failed at becoming Muslim."
If you already have a partner — What should I do first?,What should I do first?
If you already have a partner — What should I do first?,"Nothing irreversible, and nothing today. If you remember one thing from this page, remember that.

People in exactly your position have ended marriages, left homes and said things to partners they could not take back, on the strength of a forum post or one confident acquaintance. Then they found out the real answer was different. There is no deadline on this. Pray tonight, and let the question take the weeks it takes."
If you already have a partner — Who do I actually ask?,"A local imam, in person, with the specifics. Not a forum, not a group chat, and not the most confident person at the mosque. This is the kind of question where confidence and knowledge come apart, and a wrong answer can cost a marriage.

If walking into a mosque feels like too much, many mosques have someone whose job is exactly this. Asking at the office rather than after a prayer is entirely normal."
If you already have a partner — Who do I actually ask?; Where do Islamic rulings come from? — Who do I actually ask?,Who do I actually ask?
If you stopped for a while — Am I still Muslim?,Am I still Muslim?
If you stopped for a while — Am I still Muslim?,"Yes. Missing prayers, for a week, a month or longer, does not undo your shahada, and you do not say it again to come back. There is no re-entry, no ceremony, and no one to tell.

That is worth reading twice, because believing you have to start again is the most common reason people never come back."
If you stopped for a while — Do I have to tell anyone?,Do I have to tell anyone?
If you stopped for a while — Do I have to tell anyone?,"No. Not a friend, not an imam, not a group chat. There is no confession in Islam and nothing here needs a witness. If you want to tell somebody because carrying it alone is heavy, that is a good reason. But it is your reason, not a requirement."
If you stopped for a while — How do I actually come back?,How do I actually come back?
If you stopped for a while — How do I actually come back?,"You pray the next prayer. That is all. Not a plan, not a fresh start on Monday, not catching up on everything first. Just the next one, whenever it is, even if it is in twenty minutes and you do it badly."
If you stopped for a while — How do I actually come back?,"If the full prayer feels like too much tonight, this app has a page on praying before you know everything. Use it. A short prayer tonight beats a perfect one you keep postponing."
If you stopped for a while — What about all the prayers I missed?,What about all the prayers I missed?
If you stopped for a while — What about all the prayers I missed?,"They are a separate question from whether you are back, and they are not a debt you have to clear before you are allowed to start. Deal with the next prayer first. The app has a page on missed prayers for when you want to think about the rest, and it will keep."
If you stopped for a while — What about all the prayers I missed?,Anybody who tells you to count up months of missed prayers before praying tonight has the order backwards.
If you stopped for a while — What if it happens again?,What if it happens again?
If you stopped for a while — What if it happens again?,"Then you come back again, the same way, and it counts the same. Nothing about this gets used up, and the door does not close a second time any more than it did the first."
If you stopped for a while — What if it happens again?,"People often stop in a pattern: the same month, the same trigger. Noticing yours is more useful than promising it will not happen again."
If you stopped for a while — Why does it feel so much worse than it is?,Why does it feel so much worse than it is?
If you stopped for a while — Why does it feel so much worse than it is?,"Because a gap makes people feel like frauds, and feeling like a fraud is much heavier than missing a prayer. Converts get this especially hard. There is often no one who knew you before, so the gap feels like evidence that the whole thing was a phase.

It is not evidence of anything. The Prophet ﷺ said that he himself sought forgiveness and turned back to God more than seventy times a day. Turning back is not the exception in this religion. It is the normal condition of everyone in it."
"Intimacy, modesty and purification — Is anything not allowed inside marriage?",Is anything not allowed inside marriage?
"Intimacy, modesty and purification — Is anything not allowed inside marriage?","Two things are ruled out plainly. During menstruation, the Qur’an says to keep away until she is pure. And anal intercourse is forbidden; the Prophet ﷺ described the one who does it as cursed. Beyond those, and the daylight hours of a fast, which the Ramadan page covers, the religion does not hand married people a rulebook."
"Intimacy, modesty and purification — Is anything not allowed inside marriage?","Both prohibitions are held across the schools. What is permitted short of intercourse during menstruation, and when it is judged to have ended, have detail to them, and the page on periods and a person are where those go."
"Intimacy, modesty and purification — Is intimacy something Islam is against?",Is intimacy something Islam is against?
"Intimacy, modesty and purification — Is intimacy something Islam is against?","No. Inside marriage it is wanted, and it is counted for you. The Qur’an says Allah made spouses for each other so that they find rest in one another, and placed affection and mercy between them. Elsewhere it calls husband and wife a garment for each other, which is closeness, warmth and cover all at once. When the companions worried that the rich had taken all the reward by giving charity, the Prophet ﷺ listed what else is charity, and intimacy with one’s spouse was on the list. Nothing about the religion asks you to be ashamed of it."
"Intimacy, modesty and purification — What about the questions this page does not answer?",What about the questions this page does not answer?
"Intimacy, modesty and purification — What about the questions this page does not answer?","Contraception, a spouse who is not Muslim, what changes during pregnancy, anything medical: these depend on you, and a page cannot hear the part that changes the answer. Ask a person. An imam is used to being asked, and there is nothing embarrassing about a question the scholars have written whole chapters on."
"Intimacy, modesty and purification — What do I do afterwards?",What do I do afterwards?
"Intimacy, modesty and purification — What do I do afterwards?","The full wash, ghusl, before you next pray. Intercourse makes it due whether or not anything was released, and wudu on its own does not lift the state. If you are going to sleep first, the Prophet ﷺ would wash and make wudu before lying down, and do the ghusl later. There are also words to say beforehand, asking Allah to keep Shayṭān from the two of you and from what He gives you; they are in the dua book."
"Intimacy, modesty and purification — What do I do afterwards?","The ghusl guide walks the wash through step by step. It takes a few minutes, and you will do it often enough that it stops being an event."
"Intimacy, modesty and purification — What stays private?",What stays private?
"Intimacy, modesty and purification — What stays private?","All of it. The Prophet ﷺ said that among the worst of people on the Day of Judgment is the man who goes to his wife, and she to him, and then he tells others what passed between them. That covers friends, family and the internet. If you came from a culture where this is talked about, the silence will feel strange at first. It is a form of respect, and it runs both ways."
"Intimacy, modesty and purification — Where is the line?",Where is the line?
"Intimacy, modesty and purification — Where is the line?","Marriage. The Qur’an praises those who guard their private parts except from their spouses, and there is no third category. Everything the religion says about modesty is there to keep that line easy to hold: lowering the gaze, not being alone with someone you could marry, dressing so that you are not on display. Those are not prudishness. They are the fence around something valued."
Is Allah a different god? — Did the same God send every prophet?,Did the same God send every prophet?
Is Allah a different god? — Did the same God send every prophet?,"Yes. The Qur’an says that no messenger was sent without being told that there is no god but Him. When Jacob was dying and asked his sons what they would worship after him, they answered: your God and the God of your fathers, Abraham, Ishmael and Isaac, one God. Muslims read that as their own line of descent, in faith if not in blood."
Is Allah a different god? — Did you change gods?,Did you change gods?
Is Allah a different god? — Did you change gods?,"No. The Qur’an gives Muslims the sentence for exactly this conversation. Speaking to Jews and Christians, it tells believers to say: we believe in what was revealed to us and in what was revealed to you, and our God and your God is one. Allah is the Arabic word for God, not the name of a different one. A Muslim believes in the God who spoke to Abraham, Moses and Jesus, and the Qur’an tells believers to say they believe in what was given to every one of the prophets and make no distinction between them."
"Is Allah a different god? — So why keep saying ""Allah""?","So why keep saying ""Allah""?"
"Is Allah a different god? — So why keep saying ""Allah""?","Because it is the word the Qur’an uses, and the word Muslims share in every language on earth. It has no plural and no feminine form, which suits a God the Qur’an says has nothing like Him. Saying ""God"" in English is not wrong, and many converts do both. What matters is Who is meant, and He is the same in either word."
Is Allah a different god? — Then what is different?,Then what is different?
Is Allah a different god? — Then what is different?,"What is said about Him. Islam holds that God is one, that nothing was born of Him and He was not born, and that nothing is like Him. Those are the four lines Muslims recite when asked to describe God, and they are the whole of the difference with a Christian who believes God has a son. So a Muslim will say ""the same God"" and mean it, and will not say ""three"" or ""son"", and both things are true at once. It is better to name that than to talk around it."
Is Allah a different god? — Then what is different?,"If the person asking is Christian, ""we pray to the same God, and we differ about Jesus"" is a complete answer. The page on Jesus carries the rest, for when they ask."
Is Allah a different god? — What do I actually say?,"""I haven’t changed gods. Allah is just the Arabic word for God, the same God Abraham and Moses prayed to. Where we differ is what we say about Him, not who He is."" You can stop there. If it turns into a debate, the Qur’an gives you the line for the moment: Allah is our Lord and your Lord, for us our deeds and for you yours, there is no argument between us, and God will bring us together."
Isn’t Islam violent? — But the Qur’an does tell Muslims to fight?,But the Qur’an does tell Muslims to fight?
Isn’t Islam violent? — But the Qur’an does tell Muslims to fight?,"Yes, and it is worth knowing where those verses sit. For the years in Mecca the Muslims were persecuted and did not fight. Permission came after they had been driven from their homes, and the verse that gives it says why: because they were wronged. The limits are in the text itself. Fight those who fight you, and do not go beyond that. If the other side inclines to peace, incline to it. And people who are not fighting you and have not driven you out are to be treated with kindness and justice."
Isn’t Islam violent? — But the Qur’an does tell Muslims to fight?,"A verse about fighting will usually be quoted at you without the lines around it. Ask which verse, and read it in its place."
Isn’t Islam violent? — What do I actually say?,"You do not have to win the argument. Something like this is enough. ""Islam counts one life as all of humanity, and the Prophet ﷺ forbade harming women and children. People who do that are breaking the religion, not following it."" Then stop. If they want the verses, they are above. If they want to argue about the news, that is a conversation about the news, and you are allowed to say you are new and still learning."
Isn’t Islam violent? — What do I actually say?,"Watch for the question that is really about you: ""Are you going to become like that?"" It wants reassurance, not a verse. Answer the worry."
Isn’t Islam violent? — What do I actually say?; What about Jesus? — What do I actually say?; Is Allah a different god? — What do I actually say?; Was Islam spread by the sword? — What do I actually say?; Why do women cover? — What do I actually say?; Why can’t you eat that? — What do I actually say?,What do I actually say?
Isn’t Islam violent? — What does the Qur’an say about killing?,What does the Qur’an say about killing?
Isn’t Islam violent? — What does the Qur’an say about killing?,"The verse to know says that whoever kills a person, other than for murder or for spreading corruption in the land, it is as if he had killed all of humanity. And whoever saves one life, it is as if he had saved all of humanity. Two more verses speak to Muslims directly. Do not kill any person, whom God has made sacred, except by right, meaning with lawful cause and never by private decision. And whoever kills a believer deliberately is promised Hell."
Isn’t Islam violent? — What is a Muslim held to?,What is a Muslim held to?
Isn’t Islam violent? — What is a Muslim held to?,"Justice, even towards people you have reason to hate. The Qur’an tells believers to stand firm as witnesses for justice, and not to let hatred of a people push them into being unjust. It tells them to answer a bad deed with a better one, so that an enemy becomes a close friend. Hold the news up against that. When someone acting in Islam’s name kills the innocent, the standard has been broken, not followed."
Isn’t Islam violent? — Who may never be harmed?,Who may never be harmed?
Isn’t Islam violent? — Who may never be harmed?,"During one of the Prophet’s ﷺ campaigns a woman was found killed, and he forbade the killing of women and children. That instruction is the basis of the rules of war in Islamic law. Fighting is between fighters, and the people not fighting are off limits. Someone who kills civilians in the name of Islam is breaking the instruction of the man he claims to follow."
Istikhara — Face the qibla and intend,"Stand facing the qibla, feet roughly shoulder-width apart, and intend in your heart that you are praying Istikhara."
Istikhara — Then ask,Then ask
Istikhara — Then ask,"The prayer is finished. Still sitting, say the dua, and where it says “this matter”, name the thing you are deciding."
Istikhara — Then ask,That is Istikhara complete.
Istikhara — What can I ask about?,What can I ask about?
Istikhara — What can I ask about?,"Any time except the times when prayer is held off, and about anything you genuinely have a choice in: a job, a move, a marriage, something smaller. Not about whether to do something already settled as right or wrong; there is nothing to ask about there."
Istikhara — What do I say?,What do I say?
Istikhara — What do I say?,"Said after the two rakʿahs. Where it says “this matter”, name the thing you are deciding."
Istikhara — What is istikhara?,What is istikhara?
Istikhara — What is istikhara?,"Two rakʿahs and a dua, prayed when you have a decision to make. Jabir reported that the Prophet ﷺ taught it for every matter the way he taught a surah of the Qur’an, which tells you how ordinary it was meant to be, and how often."
Istikhara — What sign should I expect?,What sign should I expect?
Istikhara — What sign should I expect?,"This is the part people are told wrong. The dua asks God, if the thing is good for you, to bring it about and make it easy, and if it is bad for you, to turn it away and turn you away from it. It does not promise a sign, a dream or a feeling. You pray, and then you decide, and what follows is the answer."
Istikhara — What sign should I expect?,"You still have to think, ask people who know, and weigh it up. Istikhara goes alongside that, not instead of it."
Losing count in prayer — I have lost count. What now?,I have lost count. What now?
Losing count in prayer — I have lost count. What now?,"If you cannot remember whether you are on the second or third rakʿah, assume the smaller one, the number you are certain of, and carry on from there."
Losing count in prayer — I have lost count. What now?,Do not start the prayer again. Restarting is the common instinct and it is not the answer.
Losing count in prayer — It keeps happening. Is that bad?,It keeps happening. Is that bad?
Losing count in prayer — It keeps happening. Is that bad?,"Everyone loses count, including people who have prayed all their lives. If the doubt keeps coming back in the same prayer, ignore it and finish. Chasing certainty is itself a distraction from the prayer."
Losing count in prayer — What are the two extra prostrations?,What are the two extra prostrations?
Losing count in prayer — What are the two extra prostrations?,"Finish the prayer as normal. Before or after the final taslim, make two prostrations just as you do in the prayer itself, saying the takbir as you go down and as you come up, then give the taslim."
Losing count in prayer — What are the two extra prostrations?,Schools differ on whether these come before or after the taslim. Either is taught by scholars; do it the way whoever taught you does it.
Losing count in prayer — What else does that fix cover?,What else does that fix cover?
Losing count in prayer — What else does that fix cover?,"Those two prostrations also cover forgetting the first sitting, adding a movement by mistake, or saying something in the wrong place."
Maghrib — Does it have to be right at sunset?,Does it have to be right at sunset?
Maghrib — Does it have to be right at sunset?,"Its window runs until ʿIsha, but it is the shortest window of the five. That is why Maghrib is the prayer most often prayed the moment it comes in."
Maghrib — Face the qibla and intend,"Stand facing the qibla, feet roughly shoulder-width apart, and intend in your heart that you are praying Maghrib."
Maghrib — Turn to your left,That is Maghrib complete.
Maghrib — What is Maghrib?,What is Maghrib?
Maghrib — What is Maghrib?,"Three rakʿahs, prayed as the light goes. It is the only one of the five with an odd count, and the first prayer recited aloud since dawn."
Maghrib — What is prayed after it?,What is prayed after it?
Maghrib — What is prayed after it?,"Two quiet rakʿahs, part of the twelve daily voluntary rakʿahs the Prophet ﷺ tied to a house built in Paradise."
"Marriage, in shape — So how do people actually meet?",So how do people actually meet?
"Marriage, in shape — So how do people actually meet?","Openly, and with somebody else around. There is no dating in the sense of a private relationship that may or may not turn into something. The assumption is that you are talking because you are considering marriage, and that you are not doing it alone.

In practice that means meeting through family, through a mosque, or through an app made for it, and then meeting in public or with somebody present. This is the part converts most often get wrong, usually by accident, and usually by carrying over what they already knew."
"Marriage, in shape — What am I meant to be looking for?",What am I meant to be looking for?
"Marriage, in shape — What am I meant to be looking for?","The Prophet ﷺ listed the four things people marry for, wealth, family standing, beauty and religion, and said to choose for religion. That is not a demand for austerity. It is a ranking, and religion is the only one of the four that survives everything else changing."
"Marriage, in shape — What are the pieces called?",What are the pieces called?
"Marriage, in shape — What are the pieces called?","Four words that will come up constantly, and are never explained to a newcomer."
"Marriage, in shape — What are the pieces called?","What a walī is for, and what happens when a convert woman has no Muslim family, is a real question the schools answer differently. It is one to take to somebody local rather than settle from a page."
"Marriage, in shape — What if I am already married?",What if I am already married?
"Marriage, in shape — What if I am already married?","Then this page is not about your situation. Becoming Muslim while married is common, and it has its own answer, which depends on who your spouse is and what happens next. It has its own page, and this one would give you the wrong picture entirely."
"Marriage, in shape — What if I am already married?",Do not act on anything about an existing marriage from general reading. It is the single most common place converts are given bad advice by well-meaning strangers.
"Marriage, in shape — What is a Muslim marriage?",What is a Muslim marriage?
"Marriage, in shape — What is a Muslim marriage?","A contract, agreed in front of witnesses. It is not a sacrament and not a religious mystery. It is an offer, an acceptance, a gift from the husband to the wife, and people present who heard it. It can happen in a living room in ten minutes.

Most of what you will see at a wedding, the venue, the clothes, the several hundred guests, is culture on top of that. None of it is the marriage."
Missing a prayer — I missed a prayer. Is that a sin?,I missed a prayer. Is that a sin?
Missing a prayer — I missed a prayer. Is that a sin?,"Sleeping through a prayer or forgetting it is not a sin. You pray it as soon as you wake or remember, and that prayer counts as the one you missed."
Missing a prayer — What if I missed several?,What if I missed several?
Missing a prayer — What if I missed several?,"Missed more than one? Pray them in the order they were due, then the prayer you are currently in time for."
Missing a prayer — What if it keeps happening?,What if it keeps happening?
Missing a prayer — What if it keeps happening?,"What ends people’s prayer is not the prayer they missed. It is deciding that they are now the sort of person who misses prayers. Pray the next one, and you are back."
Missing a prayer — What if it keeps happening?,"Deliberately leaving a prayer is a serious matter and different from oversleeping. The action is still the same: pray it, and pray the next one."
"Must, should, may — Is everything I read a rule?",Is everything I read a rule?
"Must, should, may — Is everything I read a rule?","Read about Islam for a week and you will meet dozens of sentences that sound like instructions. They are not all the same kind of instruction, and if you read them all as commands you will end the month exhausted and convinced you are failing at everything.

There are five categories. Learning them once is the difference between a religion with a shape and a religion that is one long list."
"Must, should, may — What are the five?",What are the five?
"Must, should, may — What are the five?","From the strongest to the strongest against, with everything ordinary in the middle."
"Must, should, may — What does it mean when this app says “should”?",What does it mean when this app says “should”?
"Must, should, may — What does it mean when this app says “should”?","It usually means mustaḥabb: worth doing, not required. Where something is genuinely obligatory, the app says so plainly, and where the schools of thought differ it says that too. You are not expected to take all of it on at once, and nothing here is keeping score."
"Must, should, may — What does it mean when this app says “should”?",Take the obligatory things first and let the rest arrive slowly. That is the order everybody learns them in.
"Must, should, may — What if nobody has told me either way?",What if nobody has told me either way?
"Must, should, may — What if nobody has told me either way?","The starting position is that a thing is permitted unless there is a reason it is not. That is why the forbidden list is short and nameable, and why nobody can hand you a new prohibition without showing you where it comes from."
"Must, should, may — What if nobody has told me either way?","A useful question when somebody tells you something is haram: which of the five, and on what basis? It is a fair question and it is not rude."
Patience and gratitude — Does patience mean doing nothing?,Does patience mean doing nothing?
Patience and gratitude — Does patience mean doing nothing?,"Sabr means holding steady: carrying on doing the right thing while something is hard, rather than accepting whatever happens. The Qur’an pairs it with prayer as the two things to seek help through, which is a practical instruction more than a moral one: when it is bad, pray."
Patience and gratitude — What does gratitude actually mean?,What does gratitude actually mean?
Patience and gratitude — What does gratitude actually mean?,"The Qur’an says that if you are grateful, He will increase you. Much of gratitude in practice is simply naming things, which is why al-ḥamdu li-llāh is said constantly, over small things, out loud. It is a habit of attention rather than a feeling you wait for."
Patience and gratitude — What does this look like for me now?,"The first year often costs something real: family who do not understand, friends who drift, a life that has to be rearranged. That difficulty is not a sign you chose wrongly, and it is exactly the situation the word sabr is for."
Patience and gratitude — Why are these always paired?,Why are these always paired?
Patience and gratitude — Why are these always paired?,"The Prophet ﷺ said the believer’s situation is remarkable, because everything that happens to them is good: when something pleasant comes they are grateful and that is good for them, and when something painful comes they are patient and that is good for them. Nobody else, he said, is in that position."
Periods and prayer — Do I still pray?,Do I still pray?
Periods and prayer — Do I still pray?,"From the moment bleeding starts until it stops, you do not pray. This is not permission to skip. You are not supposed to pray, and praying anyway is not better."
Periods and prayer — Do I still pray?,"You do not make these prayers up afterwards. They are not a debt. This surprises most people, so it is worth saying twice: they are simply not owed."
Periods and prayer — What about after giving birth?,What about after giving birth?
Periods and prayer — What about after giving birth?,"Bleeding after childbirth follows the same rules as a period: you do not pray, you do not make those prayers up, and you take a ghusl when it ends."
Periods and prayer — What about fasting?,What about fasting?
Periods and prayer — What about fasting?,"You do not fast during a period. Fasts missed in Ramadan for this reason are made up later, before the next Ramadan, at your own pace."
Periods and prayer — What about fasting?,Prayer and fasting work differently here. Prayers are not made up; fasts are.
Periods and prayer — What can I still do?,What can I still do?
Periods and prayer — What can I still do?,"Everything else stays open to you. You can make dua in your own words, say dhikr, listen to the Qur’an, go on learning, and sit with people who are praying."
Periods and prayer — What can I still do?,"You are not unclean and you are not excluded. The rest from prayer is a concession you have been given, not a punishment or a mark against you."
Periods and prayer — What if the bleeding is not a period?,What if the bleeding is not a period?
Periods and prayer — What if the bleeding is not a period?,"Bleeding outside your normal pattern, or lasting far beyond it, is treated differently, and it does not stop you praying. A woman asked the Prophet ﷺ exactly this and was told not to give up her prayers, because that bleeding comes from a blood vessel rather than being a period. You wash, do wudu, and pray; the wudu is done afresh for each prayer."
Periods and prayer — What if the bleeding is not a period?,"Telling the two apart is genuinely a question for someone knowledgeable, not for an app. Do not guess, and do not stop praying on a guess."
Periods and prayer — When do I start praying again?,When do I start praying again?
Periods and prayer — When do I start praying again?,"Once the bleeding has stopped, take a ghusl, the full wash, and you go straight back to praying with the next prayer due."
Periods and prayer — Why do people tell me different things?,Why do people tell me different things?
Periods and prayer — Why do people tell me different things?,"One question here is genuinely open and two are not, and it saves a lot of confusion to know which is which. Reciting the Qur’an during a period is the open one: scholars divide on it, and you will meet people certain of opposite answers. Holding a printed muṣḥaf is not open in the same way, because all four schools say not to. Nor is sitting in the prayer hall of a mosque, which all four treat as somewhere not to stay through a period, though several allow walking through."
Periods and prayer — Why do people tell me different things?,"None of this touches what the last section said. Listening, dua, dhikr and learning are open on every account, and nobody who tells you one of these is being difficult with you."
Periods and prayer — Why do people tell me different things?,"On reciting the Qur’an there is no settled answer, and both sides are held by people who know exactly what they are doing."
Periods and prayer — Why do people tell me different things?,"On the muṣḥaf, the agreement is about touching it directly. Scholars treat a barrier between hand and page differently, so if you need to carry one or turn its pages, that is the thing to ask about. On the mosque, the agreement is about staying there. The Shafi`i and Hanbali schools permit passing through, and several contemporary scholars go further. If any of this affects your week, ask someone knowledgeable which position your local mosque follows."
Periods and prayer — Why do people tell me different things?,"Permit reciting during a period, which is also al-Shafi`i’s earlier position and one narration from Ahmad."
Periods and prayer — Why do people tell me different things?,"The settled positions of the Hanafi, Shafi`i and Hanbali schools hold back from reciting until the period ends."
Periods and prayer — Why do people tell me different things?,"Ibn Taymiyyah, Ibn al-Qayyim and Ibn `Uthaymin took the permitting view, and it is the verdict of the Permanent Committee."
Phrase: Akhī · Ukhtī,My brother · my sister.
Phrase: Akhī · Ukhtī,"How people will address you, including people who have just met you. It is ordinary, not familiar."
Phrase: Al-ḥamdu li-llāh,All praise is for Allah.
Phrase: Al-ḥamdu li-llāh,"After good news, after eating, after sneezing, and as the normal answer to “how are you?”"
Phrase: Allāhu akbar,"Opens every prayer and every call to it. Also said in ordinary life at anything striking, good or bad, the way subḥāna-llāh is."
Phrase: Allāhu aʿlam,Allah knows best.
Phrase: Allāhu aʿlam,Ends an answer the speaker is not certain of. Scholars say it after a ruling; everyone says it after a guess. It is a useful thing to be able to say yourself.
Phrase: As-salāmu ʿalaykum,Peace be upon you.
Phrase: As-salāmu ʿalaykum,"The greeting, arriving or passing. Said to you before almost anything else."
Phrase: As-salāmu ʿalaykum,"Wa ʿalaykumu s-salām, and peace be upon you. Always answer it."
Phrase: Astaghfiru-llāh,I seek Allah’s forgiveness.
Phrase: Astaghfiru-llāh,"Said after a slip, or on hearing something that should not have been said."
Phrase: Bāraka-llāhu fīk,May Allah bless you.
Phrase: Bāraka-llāhu fīk,"Thanks, praise, or simply warmth towards you."
Phrase: Bāraka-llāhu fīk,"Wa fīka bāraka-llāh, and may He bless you."
Phrase: In shāʾa-llāh,If Allah wills.
Phrase: In shāʾa-llāh,"Attached to anything about the future. Not a soft no, whatever you may have been told. It is an acknowledgement that the future is not ours to promise."
Phrase: Innā li-llāhi wa innā ilayhi rājiʿūn,"To Allah we belong, and to Him we return."
Phrase: Innā li-llāhi wa innā ilayhi rājiʿūn,"On hearing that someone has died, or of a serious loss."
Phrase: Jazāka-llāhu khayran,May Allah reward you with good.
Phrase: Jazāka-llāhu khayran,Thank you. You will hear this far more often than the Arabic for “thanks”.
Phrase: Jazāka-llāhu khayran,"Wa iyyāk, and you."
Phrase: Mā shāʾa-llāh,What Allah has willed.
Phrase: Mā shāʾa-llāh,"Admiring something: a child, a new job, good news. Said so that admiration carries no envy with it."
Phrase: Raḍiya-llāhu ʿanhu,May Allah be pleased with him.
Phrase: Raḍiya-llāhu ʿanhu,Said after the name of one of the Prophet’s companions. “ʿanhā” for a woman.
Phrase: Ṣalla-llāhu ʿalayhi wa sallam,May Allah’s prayers and peace be upon him.
Phrase: Ṣalla-llāhu ʿalayhi wa sallam,"Said after the Prophet’s name. Written as ﷺ, and that single character is this whole phrase."
Phrase: Subḥāna-llāh,Glory be to Allah.
Phrase: Subḥāna-llāh,"Astonishment, at something beautiful or something terrible."
Phrase: Taqabbala-llāhu minnā wa minkum,May Allah accept it from us and from you.
Phrase: Taqabbala-llāhu minnā wa minkum,"Around Eid and after Ramadan, about the worship of the month just gone."
Phrase: ʿĪd Mubārak,A blessed Eid.
Phrase: ʿĪd Mubārak,On either of the two Eids.
Phrase: ʿĪd Mubārak,Say it back.
Praying behind an imam — Do I still recite?,Do I still recite?
Praying behind an imam — Do I still recite?,"In the prayers recited aloud, Fajr, Maghrib and ʿIsha, the imam recites and you listen. In the silent ones you recite quietly to yourself as usual. Either way, you say the same things in bowing and prostration that you would say alone."
Praying behind an imam — Do I still recite?,Whether you also read Al-Fatihah quietly behind the imam in a prayer recited aloud is a point on which the schools genuinely differ. Follow what the mosque you are in does.
Praying behind an imam — What am I actually meant to do?,What am I actually meant to do?
Praying behind an imam — What am I actually meant to do?,"Follow the imam, and follow him slightly late. The Prophet ﷺ said the imam is appointed to be followed, so you bow once he has bowed, not with him and never before him. If you find yourself moving at the same moment as him, you are going too early.

That is most of it. The prayer is the same prayer you already know. What changes is that somebody else decides when each movement happens."
Praying behind an imam — What if I join late?,What if I join late?
Praying behind an imam — What if I join late?,"Join wherever they are, in the row where there is space, and follow from there. When the imam gives salam, stand back up and pray the rakʿahs you missed on your own. That last part is what completes your prayer, and it is the part people forget."
Praying behind an imam — What if I lose track?,What if I lose track?
Praying behind an imam — What if I lose track?,"Keep following. You do not have to know which rakʿah it is. The imam does, and your job is to be in the same position as him. If everyone sits and you were about to stand, sit. No one is watching you the way it feels."
Praying behind an imam — What if I lose track?,"If the imam makes a mistake, men say **subḥān Allāh** and women clap once. You will hear it happen. It is normal, and it is not a scandal."
Praying behind an imam — Where do I stand?,Where do I stand?
Praying behind an imam — Where do I stand?,"In the row, shoulder to shoulder, filling the gaps. Rows are straightened before the prayer starts, and somebody may touch your shoulder or foot to line you up. That is not a correction aimed at you. It happens to everyone. If a row is full, start the next one behind it."
Praying behind an imam — Where do I stand?,Do not stand alone behind a full row if there is space in it. Step in; people will make room.
Praying behind an imam — Will anyone notice I am new?,Will anyone notice I am new?
Praying behind an imam — Will anyone notice I am new?,"Less than you think. A room in prayer is looking forward, not sideways. Stand at the back, copy the person next to you, and accept that you will be half a second behind everything. Half a second behind is exactly where you are meant to be."
Praying when you cannot stand — Does it count the same?,Does it count the same?
Praying when you cannot stand — Does it count the same?,A prayer prayed sitting because you could not stand is not worth less than one prayed standing. It is the prayer you were asked for.
Praying when you cannot stand — How do I bow and prostrate?,How do I bow and prostrate?
Praying when you cannot stand — How do I bow and prostrate?,"Lean forward a little for the bowing, and further forward for the prostration, so that the prostration is clearly lower than the bow. Say everything exactly as you would standing."
Praying when you cannot stand — What if I cannot sit either?,What if I cannot sit either?
Praying when you cannot stand — What if I cannot sit either?,"Pray lying on your right side facing the qibla, or on your back, and make the movements with your head or your eyes. Prayer is never dropped for illness while you are conscious."
Praying when you cannot stand — What if I cannot stand?,What if I cannot stand?
Praying when you cannot stand — What if I cannot stand?,"If standing is beyond you, or would cause real pain or harm, pray sitting down, on a chair or on the floor, whichever you can manage."
Praying while travelling — Can I pray two together?,Can I pray two together?
Praying while travelling — Can I pray two together?,"You may also pray Dhuhr and ʿAsr together, and Maghrib and ʿIsha together, at the time of either one of the pair."
Praying while travelling — How far counts as travelling?,How far counts as travelling?
Praying while travelling — How far counts as travelling?,"Far enough that you would ordinarily call it travelling. There is no distance in the Qur’an or in any narration, so scholars have had to draw the line themselves, and they draw it in different places. The most common answer works out at somewhere around eighty to ninety kilometres. What everyone agrees on is when it starts: not when you decide to go, but once you have actually left the place you live."
Praying while travelling — How far counts as travelling?,"A daily commute is not a journey, however long it feels. If you are unsure, ask someone locally rather than deciding alone."
Praying while travelling — How far counts as travelling?,"No verse and no narration gives a distance. The figure most scholars use is a conversion of a classical measure, and a second position holds there is no fixed distance at all: if it is a journey, you may shorten."
Praying while travelling — How far counts as travelling?,"A barid is a classical measure of distance, and four of them is two days of travel by loaded camel. Converted into modern units it lands near eighty-eight kilometres, and different conversions give slightly different numbers, which is most of why you will hear eighty from one person and ninety from another.

How long you may keep shortening once you arrive is a second difference. The Maliki and Shafi`i schools stop at four days, the Hanafi school at fifteen, and some hold that there is no limit while you have not settled."
Praying while travelling — How far counts as travelling?,"The Maliki, Shafi`i and Hanbali schools put it at four burud, which converts to roughly eighty-eight kilometres."
Praying while travelling — How far counts as travelling?,"Reckon it from a journey of about three days at the pace people travelled then, which the school gives as forty-eight miles, or roughly seventy-seven kilometres."
Praying while travelling — How far counts as travelling?,"Ibn Taymiyyah, Ibn al-Qayyim and Ibn `Uthaymin held there is no fixed distance: anything ordinarily called travelling counts."
Praying while travelling — How much do I pray when travelling?,How much do I pray when travelling?
Praying while travelling — How much do I pray when travelling?,"On a journey, the four-rakʿah prayers, Dhuhr, ʿAsr and ʿIsha, are prayed as two. Fajr stays two and Maghrib stays three."
Praying while travelling — How much do I pray when travelling?,"This is a gift, not a compromise. It is the practice of the Prophet ﷺ on journeys, not a lowering of the bar."
Qadr — It still sits badly with me. Is that a problem?,It still sits badly with me. Is that a problem?
Qadr — It still sits badly with me. Is that a problem?,"No. The six articles page says the same and it bears repeating: this is the article the scholars wrote the most about, precisely because it is hard, and finding it hard is not a sign your faith is faulty. You are not asked to solve how knowledge and choice fit together. You are asked to hold both ends, act as if your choices matter, because they do, and rest on the fact that the outcome was known, because it was. People have argued the middle for fourteen centuries. Nobody has ever needed to win that argument in order to pray."
Qadr — So are my choices real?,So are my choices real?
Qadr — So are my choices real?,"Yes, and the Qur’an would make no sense otherwise. It says: whoever wills, let him believe, and whoever wills, let him disbelieve. It says the soul was given both its wickedness and its righteousness, and that the one who purifies it succeeds and the one who corrupts it fails. A book that commands, forbids, praises and blames is talking to people who can choose.

What the Qur’an rejects is using decree as an excuse. It puts the words “if Allah had willed, we would not have done it” in the mouths of those who associated others with Him, and answers that people before them said the same. You cannot sin and blame the register."
Qadr — Then what is the belief for?,Then what is the belief for?
Qadr — Then what is the belief for?,"Steadiness. The verse that says every disaster was written first goes on to say why you are told: so that you do not despair over what has passed you by, and do not gloat over what you were given. The Prophet ﷺ taught a boy riding behind him the same thing in a sentence: if the whole of creation gathered to benefit you, they could only do what Allah had already written for you, and if they gathered to harm you, the same.

Held rightly, that is not a cage. It is the reason you can lose a job, or a person, or a year, and not conclude that you did everything wrong. Some of the outcome was never yours."
Qadr — What do I do with it day to day?,What do I do with it day to day?
Qadr — What do I do with it day to day?,"Try hard, and then let go of the result. The Prophet ﷺ said a strong believer is better and more loved by Allah than a weak one, and told people to go after what benefits them, ask Allah’s help, and not lose heart. Then he said what to do when it goes wrong anyway: do not say “if only I had done otherwise”, because that door opens onto regret with no floor. Say instead that Allah decreed it, and what He willed He did.

A man asked whether he should tie his camel and trust Allah, or leave it loose and trust Allah. Tie it, he was told, and trust. That is the whole practice in four words."
Qadr — What do I do with it day to day?,"Applied for a job: prepare properly, then whatever comes was written. Someone you love is ill: get them the best care you can, then whatever comes was written. Both halves, every time."
Qadr — What does divine decree mean?,What does divine decree mean?
Qadr — What does divine decree mean?,"That nothing takes Allah by surprise. Before anything happens, He knew it, it was written, He willed that it come to be, and He created it. The Qur’an says that no disaster strikes on earth or in yourselves except that it is in a register before it is brought into being, and that everything was created with measure. That is the belief in full. It is a statement about Allah, not a theory about you."
Qiyam al-Layl — Face the qibla and intend,"Stand facing the qibla, feet roughly shoulder-width apart, and intend in your heart that you are praying Qiyam al-Layl."
Qiyam al-Layl — How do I finish?,How do I finish?
Qiyam al-Layl — How do I finish?,"Whatever you pray at night, end it with witr, a single rakʿah that makes the night’s total odd. It is what closes the night prayer."
Qiyam al-Layl — How is it different from tahajjud?,How is it different from tahajjud?
Qiyam al-Layl — How is it different from tahajjud?,"Whether you slept. Pray at night before sleeping and it is qiyam al-layl; sleep first, wake, and pray, and that is tahajjud. Both are voluntary, both are the same movements, and nobody is doing the lesser one."
Qiyam al-Layl — How is it different from tahajjud?,"This is the whole difference. If you are unsure which you prayed, it does not affect whether it counted."
Qiyam al-Layl — Turn to your left,That is Qiyam al-Layl complete.
Qiyam al-Layl — What is qiyam al-layl?,What is qiyam al-layl?
Qiyam al-Layl — What is qiyam al-layl?,"Praying at night, before you have slept. Any amount, any part of the night after Isha. It is the same prayer you already know: two rakʿahs at a time, as many times as you want."
Qiyam al-Layl — Where will I hear the word?,Where will I hear the word?
Qiyam al-Layl — Where will I hear the word?,"In Ramadan, mosques announce “qiyam” for the long night prayers in the last ten nights. Taraweeh is the same family of prayer. You are welcome at it, you can leave when you need to, and nobody is counting your rakʿahs."
Ramadan — What are suhoor and iftar?,What are suhoor and iftar?
Ramadan — What are suhoor and iftar?,"Suhoor is the meal before dawn. The Prophet ﷺ said to take it, because there is blessing in it, and skipping it makes a long day much harder. Iftar is breaking the fast at sunset, traditionally with dates and water, and he taught not to delay it once the sun is down."
Ramadan — What does the fast involve?,What does the fast involve?
Ramadan — What does the fast involve?,"From first light until sunset, no food, no drink, not even water, and no sexual intimacy. The Qur’an marks the start of the fast as the moment dawn becomes distinguishable, and the end at sunset. Outside those hours you eat and drink normally."
Ramadan — What happens at the end?,What happens at the end?
Ramadan — What happens at the end?,"The month ends with Eid: a morning prayer, new or good clothes, and visiting people. Before that prayer, every Muslim gives a small fixed amount of food so that nobody is left out of the day. It is called zakat al-fitr and it is due for every member of a household, old and young, and paid on behalf of anyone in your care."
Ramadan — What happens at the end?,"Whether it may be given as money instead of food is a real difference, and it decides what you actually hand over. Most mosques and charities collect it either way and will tell you which they are doing."
Ramadan — What happens at the end?,"Nothing about your Eid depends on getting this right in your first year. Give it through whoever your local mosque collects for, in the form they ask for, before the Eid prayer. That satisfies the position they follow, and the timing is the part the narration is strictest about."
Ramadan — What happens at the end?,"Allow the value in money, and consider it easier for the recipient."
Ramadan — What happens at the end?,"Malik, ash-Shafi`i and Ahmad hold that it is the staple food the narration names, given as food rather than as its value."
Ramadan — What happens the rest of the month?,What happens the rest of the month?
Ramadan — What happens the rest of the month?,"Mosques fill up for taraweeh, a long optional night prayer, and many people read far more Qur’an than usual. Jibril would go through the Qur’an with the Prophet ﷺ each night of Ramadan. There is also more giving: he was described as at his most generous this month."
Ramadan — What is Laylat al-Qadr?,What is Laylat al-Qadr?
Ramadan — What is Laylat al-Qadr?,"One night in Ramadan is called Laylat al-Qadr, the Night of Decree, the night the Qur’an began to be revealed, which the Qur’an says is better than a thousand months. Nobody is told which night it is. The Prophet ﷺ said to look for it in the odd nights of the last ten, which is why mosques fill up at the end of the month."
Ramadan — What is Ramadan?,What is Ramadan?
Ramadan — What is Ramadan?,"The ninth month of the Islamic lunar calendar, and the month in which the Qur’an began to be revealed. Because the calendar is lunar, it moves about eleven days earlier each year, so it passes through every season over a lifetime."
Ramadan — Who does not have to fast?,Who does not have to fast?
Ramadan — Who does not have to fast?,"The Qur’an names two: anyone ill, and anyone travelling. Both make the days up afterwards, at their own pace, before the next Ramadan. It also gives a second route for someone who could only fast with real hardship: feeding a poor person for each day instead of fasting it. That second route is the answer for a long-term or permanent condition, where making the days up later is not something that is ever going to happen. During a period a woman does not fast either, and those days are made up."
Ramadan — Who does not have to fast?,"If you are on medication or managing an illness, ask a doctor and someone knowledgeable before your first Ramadan rather than during it. A first Ramadan is far more often damaged by someone fasting who should not have than by someone taking an exemption they were given."
Ramadan — Who does not have to fast?,"Not fasting when you are exempt is not a failure and not something to feel guilty about. The exemption is part of the instruction, not a loophole in it."
Ramadan — Who does not have to fast?,"Pregnancy and breastfeeding are the case scholars genuinely divide over. That you may stop fasting where there is real risk to you or the baby is agreed; what you owe afterwards is not, and the answer can turn on whether the worry was for you or for the child."
Ramadan — Who does not have to fast?,"There is also a fifth position, older than all four: Ibn `Abbas and Ibn `Umar held that a pregnant or breastfeeding woman feeds a poor person for each day and does not make the days up at all. It is the gentlest of the answers, and it is still taught. Among contemporary scholars, Ibn Baz, Ibn `Uthaymin and the Permanent Committee held that the days are made up. Nothing here needs deciding in the abstract. Work out with someone knowledgeable what applies to your own situation, and do it before Ramadan rather than in the middle of it."
Ramadan — Who does not have to fast?,"Make the days up, and nothing else is owed."
Ramadan — Who does not have to fast?,A pregnant woman makes the days up. A breastfeeding woman makes them up and also feeds a poor person for each day.
Ramadan — Who does not have to fast?,"If she stopped fasting out of fear for herself, she makes the days up. If out of fear for the child alone, she makes them up and feeds a poor person for each day."
Ramadan — Who does not have to fast?,The same distinction as the Shafi`i school.
Ramadan — Who does not have to fast?,"Feeding a poor person for each missed day is what ""fidyah"" means when you hear the word. Most mosques and Muslim charities collect it and will tell you the amount they use locally."
Ramadan — Why fast at all?,Why fast at all?
Ramadan — Why fast at all?,"The Qur’an gives the reason directly: so that you may become mindful of God. It is not endurance for its own sake, and it is not a diet. Being hungry at four in the afternoon is a reminder of who provides, and of people for whom that hunger is not a choice."
Recitation: After wudu,"I bear witness that there is no god but Allah alone, with no partner, and I bear witness that Muhammad is His servant and His messenger."
Recitation: Al-Fatihah,"In every rakʿah, without exception"
"Recitation: Al-Fatihah, ayah 1","In the name of Allah, the Gracious, the Merciful."
"Recitation: Al-Fatihah, ayah 2","Praise be to Allah, Lord of the Worlds."
"Recitation: Al-Fatihah, ayah 3","The Most Gracious, the Most Merciful."
"Recitation: Al-Fatihah, ayah 4",Master of the Day of Judgment.
"Recitation: Al-Fatihah, ayah 5","It is You we worship, and upon You we call for help."
"Recitation: Al-Fatihah, ayah 6",Guide us to the straight path.
"Recitation: Al-Fatihah, ayah 7","The path of those You have blessed, not of those against whom there is anger, nor of those who are misguided."
Recitation: Before wudu,In the name of Allah.
Recitation: Between the prostrations,"My Lord, forgive me."
Recitation: In rukuʿ,"Glory be to my Lord, the Most Great."
Recitation: In rukuʿ; Recitation: In sujud,Three times
Recitation: In sujud,"Glory be to my Lord, the Most High."
Recitation: Rising from rukuʿ,"Allah hears the one who praises Him. Our Lord, to You belongs all praise."
Recitation: Seeking refuge,"I seek refuge in Allah from Satan, the rejected."
Recitation: The istikhara dua,"O Allah, I consult You for Your knowledge, and I seek strength from You for Your power, and I ask You of Your great bounty. Indeed, You are capable and I am not, and You know and I do not, and You are the All-Knower of the unseen. O Allah, if You know that this matter is good for me in my religion, my livelihood, and the outcome of my affairs, then decree it for me, make it easy for me, and then bless it for me. And if You know this matter is evil concerning my religion, my livelihood or the outcome of my affairs, then turn it away from me, and turn me away from it, and decree for me what is good wherever it may be, and make me content"
Recitation: The opening supplication,"Glory be to You, O Allah, and praise. Blessed is Your name, exalted is Your majesty, and there is no god but You."
Recitation: The salawat,"O Allah, send prayers upon Muhammad and the family of Muhammad, as You sent prayers upon Abraham and the family of Abraham. You are indeed Praiseworthy, Glorious. O Allah, bless Muhammad and the family of Muhammad, as You blessed Abraham and the family of Abraham. You are indeed Praiseworthy, Glorious."
Recitation: The takbir; Phrase: Allāhu akbar,Allah is the greatest.
Recitation: The tashahhud,"All greetings, prayers and good things are for Allah. Peace be upon you, O Prophet, and the mercy of Allah and His blessings. Peace be upon us and upon the righteous servants of Allah. I bear witness that there is no god but Allah, and I bear witness that Muhammad is His servant and His messenger."
Recitation: The taslim,"Peace be upon you, and the mercy of Allah."
Recitation: The taslim,"Once to the right, then once to the left"
Recitation: The testimony of faith,"There is no god but Allah, and Muhammad is the Messenger of Allah."
Reciter: Abdul Basit Abdus Samad,"The most recognised voice in the Muslim world. Measured, and easy to follow."
Reciter: Abdurrahman As-Sudais,An imam of the Sacred Mosque in Mecca. The voice you will hear on a broadcast from there.
Reciter: Abu Bakr Ash-Shatri,Brisk and precise. Good once the words are familiar and you want the rhythm.
Reciter: Mahmoud Khalil Al-Husary,The same voice at a normal pace. Move here once you can hold the surah.
"Reciter: Mahmoud Khalil Al-Husary, teaching","Slow, one phrase at a time. Recorded for learners to repeat after, and the best place to start."
Reciter: Mishary Rashid Alafasy,The voice most people have heard on a phone or in a car. Clear and unhurried.
Reciter: Mohamed Siddiq El-Minshawi,"Gentle and very evenly paced, which makes the ends of ayahs easy to hear."
Reciter: Saad Al-Ghamdi,Soft and steady. Many people find this the easiest one to listen to for a long stretch.
Reference: Al-Fatihah,Al-Fatihah
Reference: Al-Fatihah,The one thing the prayer cannot do without
Reference: Building consistency,Building consistency
Reference: Building consistency,"Small and steady, and why bursts do not last"
Reference: Clothing,Clothing
Reference: Clothing,"What is asked, and what is a choice"
Reference: Dhuhr,"The midday prayer, in the middle of everything else"
Reference: Do I have to change my name?,Do I have to change my name?
Reference: Do I have to change my name?,"No, and where the idea comes from"
Reference: Doing it to be seen,Doing it to be seen
Reference: Doing it to be seen,"Riyāʾ, and the worry that visible worship is showing off"
Reference: Dua and dhikr,Dua and dhikr
Reference: Dua and dhikr,Talking to God outside the prayer
Reference: Eid,Eid
Reference: Eid,"The two days, and what happens on them"
Reference: Everyday manners,Everyday manners
Reference: Everyday manners,The part of Islam people actually see
Reference: Fajr,"The dawn prayer, and what it is worth"
Reference: Family,Family
Reference: Family,"Parents, home, and telling people"
Reference: Fasting outside Ramadan,Fasting outside Ramadan
Reference: Fasting outside Ramadan,"The days people fast by choice, and how little is required"
Reference: Fasting where nobody else is,Fasting where nobody else is
Reference: Fasting where nobody else is,"Ramadan in a house, office or school that isn’t keeping it"
Reference: Food and drink,Food and drink
Reference: Food and drink,"What changes at the supermarket, and what does not"
Reference: Friday prayer,Friday prayer
Reference: Friday prayer,"What Jumuʿah is, and what happens in the room"
Reference: Hajj and Umrah,Hajj and Umrah
Reference: Hajj and Umrah,"The journey to the House, and the smaller one"
Reference: Halal and haram,Halal and haram
Reference: Halal and haram,How the categories actually work
Reference: How it began,How it began
Reference: How it began,"Mecca to Medina, in a few minutes"
Reference: How prayer works,How prayer works
Reference: How prayer works,"One rakʿah, learned once. Every prayer is built from it"
Reference: I made a mistake and finished praying,I made a mistake and finished praying
Reference: I made a mistake and finished praying,What to do when you only notice afterwards
Reference: If you already have a partner,If you already have a partner
Reference: If you already have a partner,What to do first when you did not arrive alone
Reference: If you stopped for a while,If you stopped for a while
Reference: If you stopped for a while,"Coming back, and why it is not starting again"
"Reference: Intimacy, modesty and purification","Intimacy, modesty and purification"
"Reference: Intimacy, modesty and purification","Inside marriage, in private, and the wash afterwards"
Reference: Is Allah a different god?,Is Allah a different god?
Reference: Is Allah a different god?,What to say when someone thinks you changed gods
Reference: Isn’t Islam violent?,Isn’t Islam violent?
Reference: Isn’t Islam violent?,What to say when the news is the question
Reference: Istikhara,"Asking God to choose, and what it does not do"
Reference: Losing count in prayer,Losing count in prayer
Reference: Losing count in prayer,What to do when you are not sure where you are
Reference: Maghrib,"The sunset prayer, and the day closed"
"Reference: Marriage, in shape","Marriage, in shape"
"Reference: Marriage, in shape","What the pieces are, before you need any of them"
Reference: Missing a prayer,Missing a prayer
Reference: Missing a prayer,"Sleeping through it, forgetting, or running out of time"
"Reference: Must, should, may","Must, should, may"
"Reference: Must, should, may","The five categories, and why not everything is a rule"
Reference: Patience and gratitude,Patience and gratitude
Reference: Patience and gratitude,The two halves of getting through a life
Reference: Periods and prayer,Periods and prayer
Reference: Periods and prayer,"What changes, and what does not"
Reference: Praying behind an imam,Praying behind an imam
Reference: Praying behind an imam,What changes when you are not praying alone
Reference: Praying when you cannot stand,Praying when you cannot stand
Reference: Praying when you cannot stand,"Illness, injury, pain, or no room to stand"
Reference: Praying while travelling,Praying while travelling
Reference: Praying while travelling,Shortening and combining on a journey
Reference: Qadr,Qadr
Reference: Qadr,"Divine decree, your choices, and how both are true"
Reference: Qiyam al-Layl,"Standing at night, and how it differs from tahajjud"
Reference: Ramadan,Ramadan
Reference: Ramadan,"What happens, and what is asked of you"
Reference: Sincerity,Sincerity
Reference: Sincerity,"Ikhlāṣ, and who you are doing it for"
Reference: Tahajjud,"Praying at night, and how small it is allowed to be"
Reference: The angels,The angels
Reference: The angels,"What they are, which ones you will hear named, and what they do near you"
Reference: The animals and the land,The animals and the land
Reference: The animals and the land,What is owed to things that cannot ask
Reference: The best of you,The best of you
Reference: The best of you,What a husband and a wife owe each other
Reference: The call to prayer,The call to prayer
Reference: The call to prayer,"What the adhan is, and what to do when you hear it"
Reference: The Muslim year,The Muslim year
Reference: The Muslim year,"Why the dates move, and what falls where"
Reference: The prayer of repentance,"Two rakʿahs, and what they are for"
Reference: The prophets,The prophets
Reference: The prophets,"One message, many messengers, and the last of them"
Reference: The revealed books,The revealed books
Reference: The revealed books,"The scriptures before the Qur’an, and what believing in them means"
Reference: The small sunnahs,The small sunnahs
Reference: The small sunnahs,"The little habits, and how few you need at once"
Reference: Thinking you are better,Thinking you are better
Reference: Thinking you are better,"Kibr, and the two things it actually means"
Reference: Wanting what someone else has,Wanting what someone else has
Reference: Wanting what someone else has,"Ḥasad, the one kind that is allowed, and what to do with the rest"
Reference: Was Islam spread by the sword?,Was Islam spread by the sword?
Reference: Was Islam spread by the sword?,What the Qur’an says about forcing anyone to believe
Reference: What about Jesus?,What about Jesus?
Reference: What about Jesus?,"What Muslims believe about him, and what they don’t"
Reference: What breaks the prayer,What breaks the prayer
Reference: What breaks the prayer,And what only feels like it does
Reference: What happens after death,What happens after death
Reference: What happens after death,"From this life to the next, in order, and calmly"
Reference: What happens to the life before,What happens to the life before
Reference: What happens to the life before,"The past you arrived with, and what Islam does with it"
Reference: What if my family doesn’t accept my Islam?,What if my family doesn’t accept my Islam?
Reference: What if my family doesn’t accept my Islam?,Keeping the relationship when they wish you had not
Reference: What is Islam?,What is Islam?
Reference: What is Islam?,"The shape of it, in a few minutes"
Reference: What is the Qur’an?,What is the Qur’an?
Reference: What is the Qur’an?,"What it is, and how to start with it"
Reference: What is the Sunnah?,What is the Sunnah?
Reference: What is the Sunnah?,"The Prophet’s ﷺ way, and how it reaches us"
Reference: What to say in prayer,What to say in prayer
Reference: What to say in prayer,"The words, what they mean, and where each one falls"
Reference: What you need before you pray,What you need before you pray
Reference: What you need before you pray,The five things to have in place
Reference: When someone asks you,When someone asks you
Reference: When someone asks you,Being the person who remembers not knowing
Reference: When someone corrects you,When someone corrects you
Reference: When someone corrects you,"Two confident people, opposite answers, and what to do about it"
Reference: When someone dies,When someone dies
Reference: When someone dies,"The funeral prayer, and what happens around it"
Reference: When voluntary prayer is forbidden,When voluntary prayer is forbidden
Reference: When voluntary prayer is forbidden,"Three times of day, and what they never affect"
Reference: When you are angry,When you are angry
Reference: When you are angry,The one piece of advice he ﷺ gave three times over
Reference: When you don’t know everything yet,When you don’t know everything yet
Reference: When you don’t know everything yet,"A short, plain prayer is a prayer"
Reference: When you get it wrong,When you get it wrong
Reference: When you get it wrong,"Repentance, and why it is not a big ceremony"
Reference: Where do Islamic rulings come from?,Where do Islamic rulings come from?
Reference: Where do Islamic rulings come from?,How a Muslim knows what Islam says about something
Reference: Which dhikr is best?,"The Qur’an, unless a dhikr belongs to that moment"
Reference: Which dhikr is best?; Which dhikr is best? — Which dhikr is best?,Which dhikr is best?
Reference: Who can I talk to?,Who can I talk to?
Reference: Who can I talk to?,"A person for a question, and a person for a hard night"
Reference: Who is Allah?,Who is Allah?
Reference: Who is Allah?,What Muslims believe about God
Reference: Who is Muhammad ﷺ?,Who is Muhammad ﷺ?
Reference: Who is Muhammad ﷺ?,"The man Muslims follow, and why"
Reference: Whoever works for you,Whoever works for you
Reference: Whoever works for you,"Wages, and the word he ﷺ used for them"
Reference: Why can’t you eat that?,Why can’t you eat that?
Reference: Why can’t you eat that?,"Pork, alcohol, and the table you still share"
Reference: Why do women cover?,Why do women cover?
Reference: Why do women cover?,"The reason the verses give, and where it starts"
Reference: Why people differ,Why people differ
Reference: Why people differ,"Four schools, one religion, and why that is not a contradiction"
Reference: Witr,The odd rakʿah that closes the night
Reference: Work and money,Work and money
Reference: Work and money,"Earning, and the two things to watch for"
Reference: Your children,Your children
Reference: Your children,"Mercy first, then fairness"
Reference: Your first time at a mosque,Your first time at a mosque
Reference: Your first time at a mosque,"What actually happens, so none of it is a surprise"
"Reference: Your mother, three times","Your mother, three times"
"Reference: Your mother, three times","The answer he ﷺ gave, and then gave again"
Reference: Your neighbour,Your neighbour
Reference: Your neighbour,The one Jibril would not stop mentioning
Reference: ʿAsr,"The afternoon prayer, and the weight it carries"
Reference: ʿIsha,"The night prayer, and how the day ends"
Sincerity — Does it have to feel sincere?,Does it have to feel sincere?
Sincerity — Does it have to feel sincere?,"No. Sincerity is a direction, not a mood. You point a deed at Allah by deciding, before you start and again when you notice you have drifted, that it is for Him. Some days that decision comes with warmth and some days it is dry, and the dry day counts as much as the other. Waiting to feel sincere before you pray is a way of not praying."
Sincerity — How would I know if I have it?,How would I know if I have it?
Sincerity — How would I know if I have it?,"Ask whether the deed changes when nobody can see it. Longer prayers in company and shorter ones alone, a fast mentioned before anyone asked: those are the signs that somebody else has become part of the reason. The opposite is not hiding your religion. Praying at work is visible and is not showing off, because you would do it in an empty room too. The page on doing it to be seen draws that line carefully, and this page is its other half: what to aim at rather than what to avoid."
Sincerity — What does it look like day to day?,"Bigger than worship. The Prophet ﷺ told Saʿd that he would be rewarded for whatever he spent for Allah’s sake, even the morsel he put in his wife’s mouth. Feeding your family, going to work, being patient with a parent: all of it can be done for Allah, and when it is, it is worship. Sincerity does not make your life more religious by adding acts to it. It turns the acts you already do towards Him."
Sincerity — What does it look like day to day?,"A habit worth having: before an ordinary task, one silent sentence saying who it is for. It takes a second, and it changes what the task is."
Sincerity — What makes a deed count?,What makes a deed count?
Sincerity — What makes a deed count?,"What it was for. The first narration in Sahih al-Bukhari, the one students of hadith learn before any other, says that deeds are by their intentions and that every person has what they intended. The example it gives is emigration: the same journey, made for Allah or made for a woman, is two different journeys. The act was identical. The intention was the deed."
Sincerity — Who am I doing this for?,Who am I doing this for?
Sincerity — Who am I doing this for?,"That is the whole question, and Islam asks it before it asks anything else. The Qur’an says people were commanded only to worship Allah, sincere to Him in religion, and then to pray and to give. Sincerity comes first in the sentence, before the acts. A prayer, a fast, a kindness, and the same prayer, fast and kindness done so that someone notices, are two different deeds that look identical from outside."
Six Articles — Belief in Allah,Belief in Allah
Six Articles — Belief in Allah,"That Allah is one, without partner, and that nothing else deserves worship."
Six Articles — Belief in Allah,"The other five sit inside this one. It is not only accepting that God exists. It is accepting that He is one, that nothing shares His authority, and that worship is owed to Him alone. Everything you say in prayer is a restatement of it."
Six Articles — Belief in divine decree,Belief in divine decree
Six Articles — Belief in divine decree,"That nothing happens outside Allah’s knowledge and will, the good and the hard alike."
Six Articles — Belief in divine decree,"This is the one people find hardest, and it is usually misread as meaning your choices do not matter. It does not. You still choose, and you are still answerable for what you choose. Held rightly it settles you rather than paralyses you: you act as well as you can, and you are not crushed by the part of the outcome that was never yours to control."
Six Articles — Belief in divine decree,"If this one sits badly with you at first, that is normal and it is not a sign your faith is faulty. It is the article scholars have written the most about, precisely because it is difficult."
Six Articles — Belief in the angels,Belief in the angels
Six Articles — Belief in the angels,"That Allah created angels, who carry out what He commands."
Six Articles — Belief in the angels,"Angels are created beings. They are not divine, not partners of Allah, and not prayed to. Jibril, who brought the revelation to the Prophet ﷺ, is the one you will hear named most often. You are not asked to picture them or explain them, only to accept that they are real."
Six Articles — Belief in the Last Day,Belief in the Last Day
Six Articles — Belief in the Last Day,"That this life ends, everyone is raised, and each person answers for what they did."
Six Articles — Belief in the Last Day,"Nothing you do is lost or goes unweighed, including what nobody else ever saw. When the Day comes is known only to Allah. Working out dates for it is not part of believing in it, and people who claim to have done so are to be ignored."
Six Articles — Belief in the messengers,Belief in the messengers
Six Articles — Belief in the messengers,"That Allah sent prophets to every people, and that Muhammad ﷺ is the last of them."
Six Articles — Belief in the messengers,"Many of them will already be familiar: Ibrahim, Musa, ʿIsa, and others shared with Judaism and Christianity. Islam honours them as men Allah sent, not as divine, and does not let you accept some and reject others. Muhammad ﷺ closes the line; no prophet comes after him."
Six Articles — Belief in the revealed books,Belief in the revealed books
Six Articles — Belief in the revealed books,"That Allah sent scripture to guide people, and that the Qur’an is the last of it."
Six Articles — Belief in the revealed books,"The Qur’an names earlier revelations, among them the Tawrat given to Musa and the Injil given to ʿIsa. Believing in them means believing Allah sent them. It does not mean the texts other faiths read today are those revelations as they were sent."
Tahajjud — Face the qibla and intend,"Stand facing the qibla, feet roughly shoulder-width apart, and intend in your heart that you are praying Tahajjud."
Tahajjud — How do I actually start?,How do I actually start?
Tahajjud — How do I actually start?,Set an alarm twenty minutes before Fajr rather than for the middle of the night. You are already going to be awake for Fajr; this is standing up a little earlier. Starting there is why people keep it.
Tahajjud — How little counts?,How little counts?
Tahajjud — How little counts?,"There is no minimum to reach and no number to work up to. Two rakʿahs, on one night, is the thing itself. People who pray it for decades mostly pray a little, often, which is the pattern the Prophet ﷺ described as the deeds God loves most, the small ones kept up."
Tahajjud — How little counts?,"It is the same prayer you already know. Nothing about the movements or the words changes. Only the time, and that you chose to be there."
Tahajjud — Turn to your left,That is Tahajjud complete.
Tahajjud — What if I have not slept?,What if I have not slept?
Tahajjud — What if I have not slept?,"Tahajjud is prayed after waking, which is what separates it from simply staying up late. If you have not slept, you are praying qiyam al-layl, which is also good, also voluntary, and not what this word means."
Tahajjud — What is tahajjud?,What is tahajjud?
Tahajjud — What is tahajjud?,"A prayer in the last part of the night, after you have slept and before Fajr. The Qur’an tells the Prophet ﷺ to keep part of the night for it as something additional, and that word matters: it is not owed. Nobody is behind for not praying it."
Tayammum — Intend,"Intend in your heart that you are purifying yourself for prayer, in place of using water."
Tayammum — Touch the ground,Touch the ground
Tayammum — Touch the ground,"Place both palms flat on a clean natural surface: earth, sand, stone, or dust settled on something. Lift them and shake off any excess."
Tayammum — Touch the ground,It does not have to be soil. A dusty windowsill or a stone wall will do.
Tayammum — When it ends,When it ends
Tayammum — When it ends,"Tayammum breaks for the same reasons wudu breaks, and it ends the moment water becomes available to you."
Tayammum — When you can use it,When you can use it
Tayammum — When you can use it,"Tayammum replaces wudu, and replaces ghusl, when there is no water you can reach, when using it would make you ill or make an illness worse, or when the only water available is needed for drinking."
Tayammum — When you can use it,"It is not for when water is merely inconvenient. But it is genuinely allowed when it applies, and people miss prayers they were permitted to pray."
Tayammum — Wipe your face,Wipe your face
Tayammum — Wipe your face,Wipe both palms once over your whole face.
Tayammum — Wipe your hands,Wipe your hands
Tayammum — Wipe your hands,"Wipe the back of your right hand to the wrist with your left palm, then the back of your left hand with your right. You are finished and may pray."
Tayammum — Wipe your hands,Some schools wipe the arms to the elbows instead of stopping at the wrists. Both are taught by scholars; you will see people do it either way.
Tayammum — Wipe your hands,"In the narration the Prophet ﷺ struck the earth once, blew the dust off, and wiped the face and the backs of the hands. The two wordings Bukhari carries put those in either order, which is why you will see both taught. This guide follows the order of the wudu verse: face, then hands. Schools that teach wiping to the elbows argue from other narrations and from that same verse. Nobody will think you have prayed invalidly either way."
The angels — Do I need to picture them?,Do I need to picture them?
The angels — Do I need to picture them?,"No. The Qur’an describes them in a few lines and leaves the rest unsaid, and so should you. What belief in them asks is smaller and more useful than a picture: that you take the recorders seriously, that you know who brought the book you recite from, and that you stop thinking of yourself as unwatched."
The angels — Do I need to picture them?,"When a mosque feels empty at Fajr, remember the shift change. You are being counted."
The angels — Do Muslims pray to angels?,Do Muslims pray to angels?
The angels — Do Muslims pray to angels?,"No, and the Qur’an rules it out in the same breath as praying to prophets: no messenger sent by Allah would order people to take angels or prophets as lords. They carry nothing to Allah on your behalf. You ask Him, directly, in your own words, and the angels write it down."
The angels — What are angels?,What are angels?
The angels — What are angels?,"Created beings, made from light, who do exactly what Allah tells them and nothing else. The Qur’an says of them that they do not disobey Allah in what He commands them, but do what they are ordered. They are not gods, not the souls of the dead, and not a decoration in the story. They are workers, and they are everywhere the work is."
The angels — What do they do around me?,What do they do around me?
The angels — What do they do around me?,"More than you would guess, and the narrations describe it in ordinary detail. Angels come to you in shifts, by night and by day, and the shifts meet at Fajr and at ʿAsr. The ones who spent the night with you go up and are asked about you, and answer that they left you praying and found you praying. While you sit in the place you prayed, before you move, they ask forgiveness for you.

None of that is a threat. It is the reason an empty room at dawn is not empty, and the reason nothing you do for Allah goes unrecorded, including the things nobody else ever saw."
The angels — Which ones will I hear named?,Which ones will I hear named?
The angels — Which ones will I hear named?,"Four come up constantly, and the Qur’an names or describes each."
The animals and the land — And if you do not?,And if you do not?
The animals and the land — And if you do not?,"The same teaching has a second half, and it is not softened. A woman was punished over a cat she had shut in until it died. She neither fed it nor gave it water, and she did not let it go to feed itself. Nothing in the account says she was cruel beyond that. She simply kept an animal and did not attend to it, which is a thing anyone can do without noticing."
The animals and the land — What about the land itself?,What about the land itself?
The animals and the land — What about the land itself?,"Whoever plants a tree or sows a crop has given charity for every bird, person or animal that eats from it. The reward is not conditional on who eats or on it being meant for them. Against that, the Qur’an describes the man who moves through the land causing corruption and destroying crops and cattle, and says plainly that God does not love corruption."
The animals and the land — What about the land itself?,The narration counts what is taken without permission as charity too. A tree is not a transaction.
The animals and the land — What did that look like?,What did that look like?
The animals and the land — What did that look like?,"A man on a journey went down a well to drink, and came up to find a dog panting and eating the earth from thirst. He said that this animal was suffering what he had just suffered. He went back down, filled his shoe with water, carried it up in his teeth and gave the dog a drink. He was forgiven for it. The companions asked whether there was really a reward for them in animals, and the Prophet ﷺ said there is a reward for serving any living thing."
The animals and the land — What is actually owed here?,What is actually owed here?
The animals and the land — What is actually owed here?,"Mercy, and the texts treat it as a disposition rather than a list of rules. The merciful are shown mercy by the Most Merciful, and the instruction is to be merciful to those on the earth so that the One above the heavens will be merciful to you. The Qur’an gives the reason underneath it. There is no creature on the earth, and no bird that flies, but they are communities like you. They are not scenery, and they are going back to their Lord as you are."
The best of you — Does it run both ways?,Does it run both ways?
The best of you — Does it run both ways?,"Yes. The Qur’an says that what is due to them is like what is due from them, in what is reasonable. The clause sits inside a longer passage about the waiting period after a divorce, which is worth knowing before you look it up, and the principle in it is stated in general terms. A right that only ever runs one way is not what the verse describes."
The best of you — What if the feeling fades?,What if the feeling fades?
The best of you — What if the feeling fades?,"The command does not move. The Qur’an tells husbands to live with them in kindness, and then says something unusually direct about the months when that is hard. You may dislike a thing, and God places much good in it. Kindness is not presented as what you do while the feeling lasts. It is what is owed, and the feeling is expected to come and go under it."
The best of you — What if the feeling fades?,Nothing on this page settles a dispute in a marriage. Anything specific needs a person who can hear both sides and ask questions back.
The best of you — What is the measure of a man here?,What is the measure of a man here?
The best of you — What is the measure of a man here?,"His wife. The Prophet ﷺ said that the best of you is the best to his wives, and then said that he was the best of them to his own. That is a standard set at home, where nobody is watching and there is no credit to be had. A man can be admired everywhere else and fail it."
The best of you — Why is marriage framed this way?,Why is marriage framed this way?
The best of you — Why is marriage framed this way?,"Because of what the Qur’an says it is for. It calls a spouse a sign of God, made so that you find rest in them, and says He placed affection and mercy between the two of you. Rest, affection and mercy are the stated purpose. A marriage that runs on none of the three is missing the thing it was described as being."
The call to prayer — Am I supposed to say something back?,Am I supposed to say something back?
The call to prayer — Am I supposed to say something back?,"The usual thing is to quietly repeat what the caller says, line by line, while the adhan is being called, and then to say a short dua afterwards. Neither is obligatory, and neither is complicated."
The call to prayer — Am I supposed to say something back?,"If you do not know the words yet, listening is enough. No one starts out knowing them."
The call to prayer — Does this mean I am late?,Does this mean I am late?
The call to prayer — Does this mean I am late?,"Hearing the adhan for a prayer you have not prayed yet does not mean you are late. It means that prayer has just become available. The times card on the Today screen shows when each window closes, and that is the part worth knowing."
The call to prayer — Does this mean I am late?,"Mosques call at slightly different minutes from a calculated timetable. If your mosque differs from this app, follow the mosque."
The call to prayer — What am I hearing?,What am I hearing?
The call to prayer — What am I hearing?,"The adhan is the announcement that a prayer’s time has come in. It is called out from a mosque, from a phone, or sometimes by one person in a room, and it happens five times a day, at the times shown in this app.

It is not a summons you are late for, and it is not a countdown. It marks the opening of a window, and the window is usually hours long."
The call to prayer — Why did it happen twice?,Why did it happen twice?
The call to prayer — Why did it happen twice?,"The adhan announces the time. A second, shorter call, the iqamah, is given immediately before a congregation actually starts praying. If you are in a mosque and hear a second call a few minutes after the first, that is people standing up to pray, not a mistake."
The Muslim year — How does this affect my week?,How does this affect my week?
The Muslim year — How does this affect my week?,"For most of the year, not at all. You will pick the date up from the people around you and never need to work it out. It only matters at the two ends of Ramadan, and there it is announced locally rather than calculated in advance, so mosques in the same city can start the month, or the Eid, a day apart. That is normal and not worth worrying about."
The Muslim year — How does this affect my week?,"Whether a month begins by sighting the moon locally or by astronomical calculation is a live question, and communities in the same country sometimes start Ramadan on different days."
The Muslim year — How does this affect my week?,"Both approaches are argued from evidence, and neither community is being careless. As a beginner, the practical answer is to follow the mosque or community you pray with."
The Muslim year — How does this affect my week?,"Follow the sighting of the moon, as reported locally or regionally."
The Muslim year — How does this affect my week?,Some bodies accept astronomical calculation to fix the date in advance.
The Muslim year — What are the sacred months?,What are the sacred months?
The Muslim year — What are the sacred months?,"The Qur’an says four of the twelve are sacred, and the Prophet ﷺ named them in his farewell sermon: three consecutive ones, Dhul-Qaʿdah, Dhul-Hijjah and Muharram, and Rajab. Fighting is prohibited in them, and wrongdoing in them is treated as more serious."
The Muslim year — What are the twelve months?,What are the twelve months?
The Muslim year — What are the twelve months?,"In order, from the start of the year. Four are sacred, two carry an Eid and one carries the fast. The other five have nothing particular in them. Several are named for a season they no longer fall in, because the months kept moving and the names did not: Rabiʿ means spring, and Jumada is the dry part of the year."
The Muslim year — What are the twelve months?,"You may hear that Safar is an unlucky month, or that it is a bad time to marry or travel. That is a pre-Islamic superstition, and the Prophet ﷺ named it and rejected it. No month carries bad luck."
The Muslim year — Which months ask anything of me?,Which months ask anything of me?
The Muslim year — Which months ask anything of me?,"Only one thing in the year is obligatory, and that is Ramadan, which has a page of its own. Four other things are worth knowing about, because you will hear all four mentioned, and none of them is required. The fast of ʿAshuraʾ, on the tenth of Muharram, which the Prophet ﷺ kept and which became voluntary once Ramadan was prescribed. Fasting in Shaʿban, which he did more than in any month except Ramadan. Six fasts spread through Shawwal, after Ramadan. And the first ten days of Dhul-Hijjah, which he described as the best days of the year for doing good."
The Muslim year — Why does the date move every year?,Why does the date move every year?
The Muslim year — Why does the date move every year?,"Because the year is made of twelve lunar months, each beginning with a new moon, and that makes it about eleven days shorter than the solar year. So Ramadan and the two Eids arrive about eleven days earlier each year rather than falling on fixed dates. Over a lifetime they pass through every season."
The prayer of repentance — Do I have to pray it to be forgiven?,Do I have to pray it to be forgiven?
The prayer of repentance — Do I have to pray it to be forgiven?,"You are forgiven by turning back to God and meaning it. There is no ceremony and nothing to perform. This prayer is something you may do, not a step you have missed. It exists because doing something with your body often helps when saying it in your head does not."
The prayer of repentance — Do I have to pray it to be forgiven?,"There is no limit, and no shame in praying it often. Somebody who prays it twice in a week has not failed twice. They have turned back twice."
The prayer of repentance — Face the qibla and intend,"Stand facing the qibla, feet roughly shoulder-width apart, and intend in your heart that you are praying The prayer of repentance."
The prayer of repentance — Turn to your left,That is The prayer of repentance complete.
The prayer of repentance — What is it for?,What is it for?
The prayer of repentance — What is it for?,"Abu Bakr reported that the Prophet ﷺ said no one does something wrong, then gets up and purifies himself, then prays, then asks God’s forgiveness, except that God forgives him. Wudu, two rakʿahs, and asking. Nothing more is needed."
The prophets — Can I believe in some and not others?,Can I believe in some and not others?
The prophets — Can I believe in some and not others?,"No, and this is the part that surprises people who came from another faith. Believing in the prophets means all of them, as men Allah sent, without ranking one people’s prophet above another’s. The Qur’an puts the words in the believers’ mouths: we make no distinction between any of His messengers. You do not give up Musa or ʿIsa by becoming Muslim. You keep them, and you stop being asked to choose."
The prophets — Did they teach different religions?,Did they teach different religions?
The prophets — Did they teach different religions?,"One religion, in the words each people spoke. The Qur’an says that no messenger was sent before Muhammad ﷺ except that he was told: there is no god but Me, so worship Me. It names Nuh, Ibrahim, Musa and ʿIsa and says what was laid on them is what was laid on him: establish the religion, and do not be divided in it. The laws given to each differed in detail. The thing being taught did not."
The prophets — Was there only one line of them?,Was there only one line of them?
The prophets — Was there only one line of them?,"No. The Qur’an says a messenger was sent into every nation, and that no people passed without a warner among them. Most are not named, and you are not asked to know who went to whom. The point is the opposite of exclusivity: nobody, anywhere, was left without someone telling them what you now know."
The prophets — What is a prophet?,What is a prophet?
The prophets — What is a prophet?,"A man Allah chose to carry His message to people, and to show them how to live by it. Not a god, not part-god, not an angel in a body. The Qur’an has the Prophet ﷺ say it himself: I am only a man like you, to whom it has been revealed that your God is one God. What sets a prophet apart is what was given to him, not what he was made of."
The prophets — Which names should I know?,Which names should I know?
The prophets — Which names should I know?,"The ones you will hear most, in the order they came."
The prophets — Which names should I know?,"Muslims say “peace be upon him” after a prophet’s name, ʿalayhi s-salam, and ﷺ after Muhammad’s. You will hear both constantly, and nobody minds if you forget."
The revealed books — Is that the Bible I grew up with?,Is that the Bible I grew up with?
The revealed books — Is that the Bible I grew up with?,"Partly, and this is worth saying carefully. Muslims believe the Tawrat and the Injil were sent, exactly as the Qur’an says. What Muslims do not believe is that the books on a shelf today are those revelations word for word as they were given. The Qur’an says plainly that some people wrote scripture with their own hands and then said it was from Allah. So a Muslim honours the revelation to Musa and to ʿIsa without being bound to every line of a modern edition, and without needing to decide which line is which.

If you loved the book you grew up with, nothing here asks you to despise it. Where it agrees with the Qur’an, the Qur’an confirms it. Where the two differ, the Qur’an is the one you follow."
The revealed books — Is that the Bible I grew up with?,"That the earlier scriptures were sent by Allah is an article of faith. That the texts in circulation are not guaranteed to be those scriptures as sent is the settled Sunni position, and this page states it without going further."
The revealed books — What do I do with this?,What do I do with this?
The revealed books — What do I do with this?,"Read the Qur’an as the book that was sent to you, and treat the earlier ones with respect rather than as rivals. When a relative quotes the Bible at you, you are not obliged to attack it. You can say that Muslims believe Allah sent scripture to Musa and to ʿIsa, that the Qur’an confirms what is true in it, and that you follow the Qur’an where they differ. That is the whole position, and it is a calm one to hold at a table."
The revealed books — What does believing in the books mean?,What does believing in the books mean?
The revealed books — What does believing in the books mean?,"That the Qur’an is not the first time Allah spoke to people, and that the earlier times were real. The Qur’an tells believers to believe in the Book sent down to the Messenger and in the Scripture sent down before him, in one sentence, as one instruction. A Muslim does not think revelation began in the seventh century. It began with the first prophet, and the Qur’an is the last of a line."
The revealed books — What is different about the Qur’an?,What is different about the Qur’an?
The revealed books — What is different about the Qur’an?,"Two things, both stated by the Qur’an about itself. It confirms what came before it and stands as a criterion over it, which is why a Muslim reads the earlier books through it and not the other way round. And it is preserved: Allah says He sent it down and He will guard it. That promise is not made about any other book, and it is why the Arabic you recite in prayer is the same Arabic recited fourteen centuries ago."
The revealed books — What is different about the Qur’an?,"What the Qur’an is, and how to begin reading it, has its own page and its own tab. This one only says where it sits among the others."
The revealed books — Which books does the Qur’an name?,Which books does the Qur’an name?
The revealed books — Which books does the Qur’an name?,"Five, given to five prophets, in this order."
The small sunnahs — How many should I take on?,How many should I take on?
The small sunnahs — How many should I take on?,"One. Then, once it has stopped being something you remember to do, one more.

The way this goes wrong is a person adopting twelve at once in their first month, keeping none of them past week three, and concluding they are bad at being Muslim. Nothing here is a checklist and nothing is measured. A habit you have held for two years is worth more than eleven you dropped."
The small sunnahs — What about the little duas?,What about the little duas?
The small sunnahs — What about the little duas?,"They are already in this app, in the dua book, in the book’s own wording: waking, leaving the house, entering and leaving the bathroom, before and after eating, entering a mosque. They are not repeated here. In the book they can be searched, pinned, and read in Arabic and English together."
The small sunnahs — What about the little duas?,"The dua tab has them grouped by moment. Take one, use it for a fortnight until you stop having to look, and only then take another."
The small sunnahs — What are they?,What are they?
The small sunnahs — What are they?,"Small habits the Prophet ﷺ kept, which Muslims take on gradually over years. Starting with the right side. Cleaning your teeth. A short dua on waking, on leaving the house, before eating. None of them is required, none is difficult, and together they turn ordinary parts of a day into something deliberate.

They are the part of the religion that is least discussed with converts and most visible in people who have been Muslim a long time."
The small sunnahs — What is the siwak?,What is the siwak?
The small sunnahs — What is the siwak?,"A twig from the arāk tree, used to clean the teeth. You will see them sold outside mosques for very little. The Prophet ﷺ said that if it were not hard on people, he would have ordered it before every prayer. That tells you how much he valued it, and also that he did not make it a requirement.

A toothbrush does the cleaning. Many people use the siwak as well, before prayer and on Fridays."
The small sunnahs — Why do people start with the right?,Why do people start with the right?
The small sunnahs — Why do people start with the right?,"Because he did. ʿĀʾishah described the Prophet ﷺ as liking to begin with the right side: putting on shoes, combing his hair, washing. It applies to entering a room, eating, giving and taking. The left is used for the opposite: leaving a bathroom, removing shoes.

It is a small thing that becomes automatic within about a week, and it is the easiest of these to start with."
Thinking you are better — What counts as arrogance?,What counts as arrogance?
Thinking you are better — What counts as arrogance?,"The Prophet ﷺ said that nobody with an atom’s weight of kibr in his heart will enter Paradise. A man in the gathering heard that and asked the obvious question: what about a person who likes his clothes to look good, and his shoes? He was told that Allah is beautiful and loves beauty, and then given the definition. Kibr is rejecting the truth and looking down on people."
Thinking you are better — What counts as arrogance?,"The reply matters as much as the warning. Somebody heard a hard statement, applied it to himself in the wrong place, and was corrected on the spot. Arrogance is not self-respect, tidiness or confidence."
Thinking you are better — What does rejecting the truth mean in practice?,What does rejecting the truth mean in practice?
Thinking you are better — What does rejecting the truth mean in practice?,"Knowing you are wrong and not saying so. This is the half of the definition people skip, because from the inside it does not feel like arrogance. It feels like holding your ground. But refusing a correction because of who gave it, or because accepting it would be embarrassing, is exactly what is being named. It is far more common than looking down on anybody."
Thinking you are better — What does this look like for me now?,"It comes at you from two directions, and the second is the surprise. Someone will correct your prayer in a tone that has nothing to do with your prayer, and it will sting. But new certainty is its own risk. Three months in, it is easy to look at the family you came from, or at Muslims who seem casual about their religion, and quietly rank yourself above them. You have no idea what anybody else is carrying. And none of the people you are ranking know how long you will keep this up either."
Thinking you are better — What is the opposite?,What is the opposite?
Thinking you are better — What is the opposite?,"Humility, and humility is not thinking badly of yourself. It is a step down that you choose to take, and the promise attached to it runs the other way. The Prophet ﷺ said that charity does not decrease wealth, that forgiving someone only increases their honour, and that no one humbles himself for Allah without Allah raising him. Each of the three names the thing you are afraid of losing and says you will not lose it."
Wanting what someone else has — Is wanting what someone has always wrong?,Is wanting what someone has always wrong?
Wanting what someone else has — Is wanting what someone has always wrong?,"No, and the line between the two is clear. The Prophet ﷺ said not to wish to be like anyone except in two cases: a man Allah gave wealth, who spends it rightly, and a man Allah gave wisdom, who acts on it and teaches it. Wanting the same good for yourself, without wishing that they lose theirs, is allowed. Arabic has a separate word for it, ghibṭah. Ḥasad is wanting the thing taken away from them. Underneath, that is a complaint about who was given what, and it is aimed past the person at the One who gave it."
Wanting what someone else has — What actually stops it?,What actually stops it?
Wanting what someone else has — What actually stops it?,"A change of direction, given as a practical instruction rather than as an attitude to adopt. When one of you looks at somebody who has been given more than him in wealth or in looks, the Prophet ﷺ said, let him look at someone who has less. Much of envy comes down to where the eye rests by habit. The instruction does not ask you to feel differently. It asks you to look somewhere else, and lets the feeling follow."
Wanting what someone else has — What does this look like for me now?,"What converts envy is not usually money. It is someone reading Arabic without thinking about it, a family that eats together at iftar, twenty years of practice already behind them, a name that fits. Most of that cannot be wanted, because it is a childhood, and it has already happened. The permitted kind of wanting is for what is still open: you can want the Arabic and go and learn it, slowly, and badly at first. The rest is something to grieve rather than resent, and the two are not the same."
Wanting what someone else has — Where does envy sit?,Where does envy sit?
Wanting what someone else has — Where does envy sit?,"The Prophet ﷺ named it in a list, and the company it keeps tells you how it is seen. Beware of suspicion, he said, for suspicion is the falsest of speech. Do not spy on one another, do not envy one another, do not turn away from one another, do not hate one another. Be servants of Allah, brothers. Every item on that list is a way one person’s private feelings quietly damage a group. Envy is counted among them, not treated as a harmless private feeling."
Was Islam spread by the sword? — And if someone still says no?,And if someone still says no?
Was Islam spread by the sword? — And if someone still says no?,"Then it is their choice, and the Qur’an says so more than once. Whoever wills, let him believe, and whoever wills, let him disbelieve. People who do not fight Muslims and have not driven them out are to be treated with kindness and justice, and the verse adds that God loves those who act justly. A Muslim who forces religion on anyone has left the religion’s own instructions, not followed them."
Was Islam spread by the sword? — Can anyone be forced to become Muslim?,Can anyone be forced to become Muslim?
Was Islam spread by the sword? — Can anyone be forced to become Muslim?,"No, and the Qur’an says it in so many words: there is no compulsion in religion. It puts the same point to the Prophet ﷺ as a question. If God had willed, everyone on earth would have believed, so would you compel people to become believers? And it tells him what his job is and is not: you are only a reminder, you are not a controller over them. A belief held under threat is not the thing the Qur’an is asking for."
Was Islam spread by the sword? — How were people actually invited?,How were people actually invited?
Was Islam spread by the sword? — How were people actually invited?,"By speaking. The Qur’an tells the Prophet ﷺ to invite with wisdom and good instruction, and to argue only in the best way. When he sent Muʿadh to Yemen, to a community of Jews and Christians, his instructions were to call them first to the testimony of faith, and only if they accepted it to teach them the prayer, and only then the zakat. To the two men he sent there together he said: make things easy for people, give them good news, and do not drive them away. That is the method the Prophet ﷺ taught, in his own words, to the people he put in charge."
Was Islam spread by the sword? — So what were the conquests?,So what were the conquests?
Was Islam spread by the sword? — So what were the conquests?,"The spread of rule, which is not the spread of belief. Muslim states did expand by war, as every state of that age did, and the page on violence carries the limits the Qur’an set on fighting. What this question misses is that people under Muslim rule were not made Muslim. The verse that first permitted fighting says what it protects: monasteries, churches, synagogues and mosques, named together. Egypt and Syria stayed largely Christian for centuries after Muslim rule began. And the country with the most Muslims in the world today, Indonesia, was reached by traders, not by an army."
Was Islam spread by the sword? — So what were the conquests?,"If the person asking has a particular war in mind, you are allowed not to know it. ""Empires fought wars, and Muslim ones did too. The religion forbids forcing belief, and here is where it says so"" is an honest answer from someone new."
Was Islam spread by the sword? — What do I actually say?,"""Nobody can be forced to believe. The Qur’an forbids it in so many words, and it names churches and synagogues as places to be protected. Empires spread by armies, and Muslim empires did too. The faith didn’t, and the biggest Muslim country in the world never saw one."" Then stop. If they want the verses, they are above. If they want to argue about a century, that is a conversation about history, and you are allowed to say you are new and still learning."
What about Jesus? — Do Muslims believe in Jesus?,Do Muslims believe in Jesus?
What about Jesus? — Do Muslims believe in Jesus?,"Yes, and it is not optional. A Muslim believes in every prophet God sent, and the Qur’an says believers make no distinction between them. It calls Jesus the Messiah and a word from God, tells of his birth to Mary when no man had touched her, and gives her a chapter of her own. Muslims say ""peace be upon him"" after his name, as they do after the name of every prophet."
What about Jesus? — How close are the two prophets?,How close are the two prophets?
What about Jesus? — How close are the two prophets?,"The Prophet ﷺ said he is the nearest of all people to Jesus, that no prophet came between them, and that the prophets are brothers from one father. Their mothers differ, and their religion is one. Muslims see Muhammad ﷺ as the last in the same line Jesus belonged to, not as his rival."
What about Jesus? — So why not the Son of God?,So why not the Son of God?
What about Jesus? — So why not the Son of God?,"Because the centre of Islam is that God is one, with nothing beside Him and nothing born of Him. The Qur’an says the Messiah was a messenger, that messengers had passed before him, and that he and his mother both ate food, which is its plain way of saying they were human. It compares his creation without a father to Adam’s creation without either. And it tells the People of the Scripture directly not to say ""three"". This is the real difference between the two faiths, and it is better named than talked around."
What about Jesus? — So why not the Son of God?,"If the person asking is Christian, this is the point they will feel. You are not required to argue it. ""This is where we differ"" is a complete answer."
What about Jesus? — What about the crucifixion?,What about the crucifixion?
What about Jesus? — What about the crucifixion?,"The Qur’an says he was not killed and not crucified, that it was made to appear so, and that God raised him to Himself. So Muslims do not believe he died for anyone’s sins. No soul carries another’s burden. Each person answers for their own deeds, and forgiveness comes from God directly, with nothing in between. If the next question is ""then how are you saved?"", the Prophet ﷺ answered it. Whoever testifies that there is no god but God, that Muhammad is His servant and messenger, and that Jesus is His servant and His word given to Mary, God will admit to Paradise, however few their good deeds."
What about Jesus? — What do I actually say?,"""We believe in Jesus. We believe he was born of a virgin, and that he was the Messiah and a prophet of God. We don’t believe he was God or the Son of God, and that is the real difference between us."" You can stop there. If it turns into a debate, the Qur’an gives you the line for that moment: for you is your religion, and for me is mine."
What breaks the prayer — Can I move at all?,Can I move at all?
What breaks the prayer — Can I move at all?,"Scratching, shifting your weight, stepping forward to close a gap, picking up a child: none of this ends the prayer. What is meant by movement breaking it is a lot of it, continuously, for no reason connected to praying. The Prophet ﷺ prayed while carrying his granddaughter, putting her down to prostrate and picking her back up."
What breaks the prayer — What about ordinary mistakes?,What about ordinary mistakes?
What breaks the prayer — What about ordinary mistakes?,"Losing count, forgetting a sitting, adding a movement, saying something in the wrong place: none of these break the prayer. They are fixed with two extra prostrations at the end, which the app covers separately. A beginner will do all of these, and none of them is a disaster."
What breaks the prayer — What about ordinary mistakes?,"The most common beginner mistake is starting the prayer over. Almost nothing requires that, and restarting turns a small slip into a long one."
What breaks the prayer — What actually breaks it?,What actually breaks it?
What breaks the prayer — What actually breaks it?,"Losing your wudu. Speaking on purpose to someone. Eating or drinking. Laughing out loud. Turning your body right away from the qibla, or deciding to stop. If one of these happens, put it right and pray it again from the beginning. But read the rest of this page first, because almost every one of them has an exception, and most of what a beginner worries about is on the other list."
What breaks the prayer — What actually breaks it?,"Smiling is not laughing, and nobody has ever held that it breaks a prayer. What is meant is laughing aloud."
What breaks the prayer — What actually breaks it?,"Ibn al-Mundhir recorded the scholars as agreed that laughing aloud ends the prayer, and an-Nawawi and Ibn Qudamah both record that most of them held smiling does not. It is one of the few things on this page nobody argues about. One thing they do differ on is what else it costs you: the Maliki, Shafi`i and Hanbali schools hold that laughing aloud ends the prayer but leaves your wudu intact, so you stand up and pray again. The Hanafi school holds that it ends the wudu too, so someone following that school washes first. If you are not sure which applies to you, washing again costs a minute."
What breaks the prayer — What if I am facing the wrong way?,What if I am facing the wrong way?
What breaks the prayer — What if I am facing the wrong way?,"This one is narrower than it sounds. What ends the prayer is turning your whole body away from the qibla with no reason to. Getting the direction wrong, in a hotel room or on a plane or in a city you do not know, does not, as long as you worked it out as best you could. If you find out afterwards that you were off, the prayer stands."
What breaks the prayer — What if I am facing the wrong way?,"A whole congregation once turned right around in the middle of Fajr, and their prayer counted."
What breaks the prayer — What if I am facing the wrong way?,"The people of Quba were praying facing Jerusalem when someone arrived to say the direction had been changed to the Ka`bah that night, so they turned mid-prayer and carried on. Bukhari puts the narration under a chapter heading that includes those who held there is no need to repeat a prayer offered by mistake in the wrong direction."
What breaks the prayer — What if I speak without thinking?,What if I speak without thinking?
What breaks the prayer — What if I speak without thinking?,"A companion said ""Allah have mercy on you"" to a man who sneezed mid-prayer, not knowing he could not. Afterwards the Prophet ﷺ taught him, without scolding him and by his own account better than anyone had ever taught him anything, that this prayer is not the place for ordinary speech. He was not told to pray it again. Deliberate speech ends the prayer; speech before you knew the rule, or in a moment of forgetfulness, does not."
What breaks the prayer — What if I speak without thinking?,"This was not always the rule. People used to speak to each other in prayer and were told to stop, which is why the narrations about it read the way they do."
What breaks the prayer — What if I speak without thinking?,"Zayd ibn Arqam: ""we used to speak while praying, and one of us would tell his companion what he needed, until the verse was revealed and we were ordered to be silent."" Ibn Mas`ud used to greet the Prophet ﷺ mid-prayer and be answered, and returned from Abyssinia to find that he was not: ""there is occupation enough in the prayer""."
What breaks the prayer — What if I think I broke wudu?,What if I think I broke wudu?
What breaks the prayer — What if I think I broke wudu?,"Doubt does not. Someone asked the Prophet ﷺ about feeling as though they had passed wind mid-prayer, and he said not to leave the prayer unless they heard a sound or smelled something. Uncertainty is not enough. Carry on."
What breaks the prayer — What if I think I broke wudu?,"This is the hadith to remember if you find yourself checking constantly. The rule is deliberately strict about certainty, because doubt would otherwise end every prayer."
What happens after death — What happens in the grave?,What happens in the grave?
What happens after death — What happens in the grave?,"A question. The Prophet ﷺ described it plainly: when a person is laid in the grave and the people who buried them walk away, two angels come, sit them up, and ask what they said about this man, Muhammad. The believer answers that he is Allah’s servant and His Messenger, and is shown a place in the Fire and told that Allah has given a place in Paradise instead.

Read the answer again. It is the second half of the tashahhud, the words you say sitting in every prayer. You are already rehearsing it, five times a day, and the rehearsal is the preparation."
What happens after death — What happens in the grave?,"People will tell you frightening things about the grave, some of them from narrations and some not. What is above is what the Prophet ﷺ said the believer meets. Hold on to that version."
What happens after death — What happens when I die?,What happens when I die?
What happens after death — What happens when I die?,"The same thing that happens to everyone. Every soul will taste death, the Qur’an says, and the full account is settled later, on the Day of Resurrection. Death is not the end of you. It is the end of the part where you can still choose, and the beginning of the part where what you chose is kept.

Islam’s whole shape points here. The prayer, the fast, the kindness to a parent: all of it is done by a person who knows this is coming and is getting ready. That is not morbid. It is the opposite of pretending."
What happens after death — What is the reckoning?,What is the reckoning?
What happens after death — What is the reckoning?,"Each person is handed their own record and told to read it. Nothing is missing from it: whoever did an atom’s weight of good will see it, and whoever did an atom’s weight of evil will see it. Then the scales are set, and the Qur’an promises that no soul will be wronged in the slightest.

That is the part people fear, and it is also the part that should steady you. The record is exact, so the quiet good you did that nobody noticed is in it. The judge is just, so nothing is held against you that you did not do. And the Prophet ﷺ said that nobody’s deeds alone will save them, not even his, unless Allah bestows His mercy. The scales are real. So is the hand on them."
What happens after death — What is the resurrection?,What is the resurrection?
What happens after death — What is the resurrection?,"Everyone who ever lived, raised bodily, at once. The Qur’an answers the obvious objection in one line: someone asks who could give life to bones once they have crumbled, and the reply is that He who made them the first time will. The One who did it from nothing can do it again from dust. When the Day comes is known only to Allah, and working out dates for it is not part of believing in it."
What happens after death — What is the wait like?,What is the wait like?
What happens after death — What is the wait like?,"The Qur’an calls it a barrier: behind the dead there is a barrier until the Day they are raised. How long that is, nobody knows, and it is not experienced as waiting in a room. What the narrations do say is that your account does not simply freeze. When a person dies their deeds end except three: a charity that keeps giving, knowledge that people still benefit from, and a righteous child who prays for them. So the things you set going in this life keep counting in the next."
What happens after death — Where does it end?,Where does it end?
What happens after death — Where does it end?,"In one of two places, and both are real. Of Paradise the Qur’an says that no soul knows what has been hidden for them, and the Prophet ﷺ said Allah has prepared for His servants what no eye has seen, no ear has heard, and no heart has imagined. The Fire is described too, and this page does not describe it, because you already know it is there.

What you may not know is what Allah wrote about Himself when He created everything: that His mercy overcomes His anger. A Muslim holds both facts at once and leans on the second. If the thought of the Day frightens you, let the fear move your feet towards the next prayer and then hand it back. Fear that freezes you is not the point of any of this."
What happens after death — Where does it end?,"The page on repentance is the one to read next. It is short, and it is the reason none of this needs to be faced alone or without a way back."
What happens to the life before — Do I have to tell anyone what I did?,Do I have to tell anyone what I did?
What happens to the life before — Do I have to tell anyone what I did?,"There is no confession in Islam. No one at a mosque needs your history, no imam has to hear it, and nothing about becoming Muslim requires you to describe what you are leaving behind. Anyone who asks is asking for their own reasons, not for the religion, and you can decline."
What happens to the life before — Do I have to tell anyone what I did?,"That includes online. You do not owe your story to a forum, a group chat, or anyone who says it will help others."
What happens to the life before — Does my past come with me?,Does my past come with me?
What happens to the life before — Does my past come with me?,"A companion of the Prophet ﷺ, near the end of his own life, recalled that when Islam entered his heart he went to give his pledge, and was told that Islam demolishes what came before it. Not forgives it slowly. Demolishes it.

You did not arrive owing for those years. No debt carried over, no probation, nothing to work off."
What happens to the life before — Is it only cancelled?,Is it only cancelled?
What happens to the life before — Is it only cancelled?,"No, the Qur’an goes further than cancelling it. For those who turn back, believe and do right, it says their wrongs are exchanged for good. Not merely wiped out, but swapped. Read that twice, because it is not what most people expect a religion to say about their worst years."
What happens to the life before — What about the things that have not gone away?,What about the things that have not gone away?
What happens to the life before — What about the things that have not gone away?,"Some of the past is not past. A marriage, children, a job, money, family who do not know. Those are real, and they do not vanish. There are no rulings on them here, because each has conditions on it and needs somebody who knows your situation.

What is already settled is the part underneath: none of it disqualifies you, and none of it has to be solved before you pray tonight."
What happens to the life before — What about the things that have not gone away?,Take these one at a time and slowly. A convert given six life decisions in their first month usually makes them badly.
What happens to the life before — Why do I still feel guilty?,Why do I still feel guilty?
What happens to the life before — Why do I still feel guilty?,"Guilt often lingers, and it is not a sign that something was left undone. The Qur’an tells people who have wronged themselves not to despair, and it is addressed to them specifically, not to people with nothing to regret. Feeling guilty is not evidence against you."
What happens to the life before — Why do I still feel guilty?,"If it becomes heavy rather than passing, that is worth telling a person you trust."
What if my family doesn’t accept my Islam? — Does their reaction change what I owe them?,Does their reaction change what I owe them?
What if my family doesn’t accept my Islam? — Does their reaction change what I owe them?,"No. The verse that tells you not to obey parents who press you to give up belief in God alone tells you, in the same sentence, to keep their company in this world with kindness. Both halves are the instruction, and the second does not wait for them to come round.

Asmāʾ, the daughter of Abū Bakr, was visited by her mother while her mother was still a pagan and wanted help from her. She asked the Prophet ﷺ whether she should keep good relations with her, and he told her yes. That is a parent who did not share her daughter’s religion, and the answer was to keep her close."
What if my family doesn’t accept my Islam? — How long does this take?,How long does this take?
What if my family doesn’t accept my Islam? — How long does this take?,"Longer than you would like, and it is not in your hands. The Qur’an tells the Prophet ﷺ himself that he does not guide whom he loves; Allah guides whom He wills. If he could not make the people he loved believe, you are not failing when you cannot either. Your job is to stay kind and stay in the room. Whether they ever come round is not your job, and it was never the condition for being good to them.

Families that shouted in the first month are often at the table in the third year. Keep the door open and let the years do the work."
"What if my family doesn’t accept my Islam? — What do I refuse, and what do I not?","What do I refuse, and what do I not?"
"What if my family doesn’t accept my Islam? — What do I refuse, and what do I not?","The refusal is narrow. It covers the thing being asked of you, not the relationship. Being asked to skip a prayer so there is no scene is the thing to decline. Being asked to come to dinner is not. Being asked to drink to prove you are still one of them is the thing to decline. Being asked to help your father in the garden is not.

The Qur’an says God does not forbid you from being good and fair to people who have not fought you over your religion. A parent who is upset with you has not fought you. Be good to them, and hold the line where it actually is."
"What if my family doesn’t accept my Islam? — What do I refuse, and what do I not?","Say the boundary once, kindly, in plain words: “I don’t drink now, but I would love to come.” Then stop explaining it. A boundary re-argued at every visit becomes the row you were trying to avoid."
What if my family doesn’t accept my Islam? — What if it is not safe at home?,What if it is not safe at home?
What if my family doesn’t accept my Islam? — What if it is not safe at home?,"Then leave, and sort out the explanations later. Nothing in your religion asks you to stay somewhere you are in danger, and praying where nobody can see you is not a lesser prayer. If you cannot leave yet, find one person outside the house who knows the whole situation: a friend, someone at a mosque, or one of the helplines on the page about who to talk to. They are used to this, and they will not need you to explain your religion first."
What if my family doesn’t accept my Islam? — Who can I lean on while it is hard?,Who can I lean on while it is hard?
What if my family doesn’t accept my Islam? — Who can I lean on while it is hard?,"One Muslim who knows your whole story, so that you are not carrying it alone. The imam at a nearby mosque, for the questions that depend on your particular family. And, for the nights when it is too much, a helpline. The page about who to talk to lists them. You do not have to be in crisis to call one."
What if my family doesn’t accept my Islam? — Why are they reacting like this?,Why are they reacting like this?
What if my family doesn’t accept my Islam? — Why are they reacting like this?,"Usually because they think they have lost you. A parent hears that you have changed religion and hears, underneath it, that you have rejected the home you were raised in, and that you will now be a stranger at their table. Some of it is fear of what they have seen on the news. Some of it is grief. Almost none of it is a considered view of Islam, which is why arguing the case rarely helps in the first months.

What changes their mind, when it changes, is watching you. A son who calls more than he used to, a daughter who is calmer than she was. Time and conduct do what no conversation can."
What if my family doesn’t accept my Islam? — Why are they reacting like this?,"The questions they will actually ask, about violence, about Jesus, about why you cannot eat what they cook, each have a page of their own. Read those before the next visit, not during it."
"What is Islam? — Is it belief, or practice?","Is it belief, or practice?"
"What is Islam? — Is it belief, or practice?","When the angel Jibril asked the Prophet ﷺ about this in front of his companions, the answer came in two parts: what you believe, and what you do. Neither stands alone. That is why this app teaches the prayer and the belief side by side rather than one first and one later."
What is Islam? — Is it meant to be this hard?,Is it meant to be this hard?
What is Islam? — Is it meant to be this hard?,"You are not behind. The Prophet ﷺ said the religion is easy, and that whoever overburdens themselves in it will not keep it up, so take the next thing rather than all of it. The Qur’an says God does not ask of anyone more than they can bear."
What is Islam? — What does it ask of me?,What does it ask of me?
What is Islam? — What does it ask of me?,"The testimony of faith, the five daily prayers, zakat, a yearly share of savings given to those entitled to it, fasting in Ramadan, and the pilgrimage to Mecca once in a lifetime for anyone able to make it. The Prophet ﷺ described Islam as built on these five."
What is Islam? — What does the word mean?,What does the word mean?
What is Islam? — What does the word mean?,"Islam is an Arabic word meaning submission, giving yourself over to God. A Muslim is someone who does that. It comes from the same root as salam, peace, and the two ideas sit together: peace through no longer being pulled in every direction at once."
What is Islam? — What is at the centre of it?,What is at the centre of it?
What is Islam? — What is at the centre of it?,"Everything else rests on this. Islam teaches that there is one God, Allah, the Arabic word for God used by Arabic-speaking Christians and Jews too, and that worship belongs to Him alone, with nothing and no one sharing it. Saying and meaning that is what makes a person Muslim."
What is Islam? — What is at the centre of it?,Nobody can be forced into this. The Qur’an says plainly that there is no compulsion in religion.
What is the Qur’an? — Am I already reading it?,Am I already reading it?
What is the Qur’an? — Am I already reading it?,"The Qur’an is not only read, it is recited, in every prayer, out loud or quietly. Al-Fatihah, its opening chapter of seven short verses, is said in every unit of every prayer for the rest of your life. Learning it is the single most useful thing a new Muslim can memorise."
What is the Qur’an? — Am I already reading it?,"Until you know it, say what you can and keep learning. Nobody starts fluent, and the Practice screen exists to take it a line at a time."
What is the Qur’an? — What do Muslims believe it is?,What do Muslims believe it is?
What is the Qur’an? — What do Muslims believe it is?,"Not a book about God, but the speech of God, revealed in Arabic to Muhammad ﷺ through the angel Jibril over about twenty-three years, and preserved unchanged since. That is the claim, and it is why the Arabic itself matters so much: a translation is understood as an explanation of the Qur’an rather than the Qur’an."
What is the Qur’an? — Where should I start?,Where should I start?
What is the Qur’an? — Where should I start?,"Start small and start with sound. Learn Al-Fatihah, then a few of the short chapters at the end, listening and repeating rather than reading silently. The Prophet ﷺ said the best of people are those who learn the Qur’an and teach it. Learning it is the point, and it is slow for everyone."
What is the Qur’an? — Why does it not start at the beginning?,Why does it not start at the beginning?
What is the Qur’an? — Why does it not start at the beginning?,"It has 114 chapters, called surahs, made of verses called ayahs. They are not in the order they were revealed, and it is not a story told front to back, so reading it cover to cover like a novel is not how most people start, and struggling with that is not a failure of yours."
What is the Sunnah? — Are all hadith reliable?,Are all hadith reliable?
What is the Sunnah? — Are all hadith reliable?,"No. Because hadith were passed on by people, scholars spent centuries grading them, examining every chain and every narrator. Some are sound, some are weak, and some are forgeries. That is why this app names its sources: so you can check, rather than take its word."
What is the Sunnah? — Are all hadith reliable?,"Sahih al-Bukhari and Sahih Muslim are the two collections Sunni scholars regard as the most rigorously authenticated. Other collections contain both strong and weak reports, which is why a grading matters there and not in these two."
What is the Sunnah? — What does it look like day to day?,"Much of it is small and human: not harming a neighbour, making a guest welcome, saying something good or staying quiet, eating with the right hand, a few words before sleeping. Following the Sunnah is not an extra layer of difficulty on top of the religion. A lot of it is simply how a decent person moves through a day."
What is the Sunnah? — What does it look like day to day?; Sincerity — What does it look like day to day?,What does it look like day to day?
What is the Sunnah? — What does Sunnah mean?,What does Sunnah mean?
What is the Sunnah? — What does Sunnah mean?,"Sunnah means a way or a path, and specifically the way the Prophet ﷺ lived: what he said, what he did, and what he approved of in others. It reaches us through hadith, which are reports of those things recorded with the chain of people who passed each one down."
What is the Sunnah? — Why does it sit beside the Qur’an?,Why does it sit beside the Qur’an?
What is the Sunnah? — Why does it sit beside the Qur’an?,"The Qur’an gives the command and the Sunnah usually gives the method. ""Establish the prayer"" appears again and again; how many units, when, and what to say in them comes from watching him. The Qur’an itself instructs Muslims to take what the Messenger gives them."
What to say in prayer — What do I recite?,What do I recite?
What to say in prayer — What do I recite?,"Al-Fatihah, in every rakʿah of every prayer. Aloud in some prayers and quietly in others; the guide tells you which. It is the one text the prayer cannot do without, and it has a page and a screen of its own, verse by verse, with the recording against each verse.

In the first two rakʿahs a short surah follows it. Al-Ikhlas is where most people start. It is not required, and a prayer of Al-Fatihah alone is complete."
What to say in prayer — What do I recite?,"Learn Al-Fatihah first and the rest of this page second. Until you know it, read it from the screen, and say what you know of it."
What to say in prayer — What do I say bowing?,What do I say bowing?
What to say in prayer — What do I say bowing?,"Bent from the waist with your back straight and your hands on your knees. Once you have settled there, three times."
What to say in prayer — What do I say in the sitting?,What do I say in the sitting?
What to say in prayer — What do I say in the sitting?,"Sitting, with your right index finger raised. After the second rakʿah in any prayer longer than two, and again at the very end. It greets Allah, the Prophet ﷺ, and every righteous servant, and closes with the testimony of faith. It is the longest text here, and the one that most repays learning slowly."
What to say in prayer — What do I say once I am standing?,What do I say once I am standing?
What to say in prayer — What do I say once I am standing?,"Quietly, with your right hand resting over your left forearm on your chest, in the first rakʿah only. It is praise, said before anything is asked for."
What to say in prayer — What do I say prostrating?,What do I say prostrating?
What to say in prayer — What do I say prostrating?,"With your forehead, nose, palms, knees and toes on the ground. Once settled, three times. You prostrate twice in every rakʿah, with a short sitting between."
What to say in prayer — What do I say sitting between them?,What do I say sitting between them?
What to say in prayer — What do I say sitting between them?,Sitting up between the two prostrations. Three words.
What to say in prayer — What do I say standing back up?,What do I say standing back up?
What to say in prayer — What do I say standing back up?,"As you rise from bowing, until you are standing upright and still. The first half says that Allah hears you; the second answers it with praise."
What to say in prayer — What ends the prayer?,What ends the prayer?
What to say in prayer — What ends the prayer?,"Turn your head to the right and say it. Then to the left, and say it again. The prayer ends on the second one. You are greeting whoever is beside you, and the angels, so you turn even when you pray alone."
What to say in prayer — What follows it at the end?,What follows it at the end?
What to say in prayer — What follows it at the end?,"In the final sitting only, straight after the tashahhud. Prayers on the Prophet ﷺ and his family, as they were sent on Ibrahim."
What to say in prayer — What is the line before the Qur’an?,What is the line before the Qur’an?
What to say in prayer — What is the line before the Qur’an?,"Still quietly, once, before you recite. A single line asking Allah’s protection from Shayṭān."
What to say in prayer — What opens the prayer?,What opens the prayer?
What to say in prayer — What opens the prayer?,"Two words, said with your hands raised to shoulder level. From that moment you are in prayer. You say the same two words at every change of position afterwards: going down to bow, going down to prostrate, sitting up, and standing for the next rakʿah. It is the text you will say most."
What to say in prayer — Why is it all in Arabic?,Why is it all in Arabic?
What to say in prayer — Why is it all in Arabic?,"Because every Muslim, in every country, says the same words. That is why you can walk into any mosque on earth and pray behind whoever is leading. The words are fewer than they look: ten short texts, and most of them are a single line. Read them from the screen until they stick, and know what you are saying while you learn to say it."
"What you need before you pray — Am I covered, and is the place clean?","Am I covered, and is the place clean?"
"What you need before you pray — Am I covered, and is the place clean?","The Qur’an tells people to take their adornment at every place of prayer, so dress as you would to meet someone you respect. Your clothes and the ground you pray on should be clean. A carpet, a towel or a mat is fine; a prayer mat is convenient, not required."
"What you need before you pray — Am I covered, and is the place clean?",How much has to be covered differs a little between men and women and is set out in the clothing guide. Ordinary loose clothes cover it for most people.
What you need before you pray — Am I in wudu?,Am I in wudu?
What you need before you pray — Am I in wudu?,"Wudu is the short wash before prayer. The Prophet ﷺ said the prayer of someone who has broken it is not accepted until they wash again. One wudu covers several prayers. It lasts until something breaks it, and the wudu guide sets out what does and what only feels as though it does."
What you need before you pray — Do I have to say the intention?,Do I have to say the intention?
What you need before you pray — Do I have to say the intention?,"The intention is a thought, not a sentence: knowing which prayer you are about to pray. You do not say it out loud, and you do not need a formula. If you are standing on a mat about to pray Maghrib, you have already intended it."
What you need before you pray — Do I have to say the intention?,"Some people are taught to say the intention aloud. Scholars differ on whether that is recommended, and nobody holds that the prayer fails without it."
What you need before you pray — Do I have to say the intention?,"Most of this is agreed, and only one part is open. The imams agree that the intention lives in the heart and that the prayer never asks you to speak it, so that is not one side of an argument. What they differ on is whether saying it aloud is recommended.

Ibn Taymiyyah records both views. Scholars among the followers of Abu Hanifah, ash-Shafi`i and Ahmad held it recommended, as a way of making the intention firmer. Scholars among the followers of Malik and Ahmad held that it is not, because neither the Prophet ﷺ nor his Companions did it. He takes the second view. If you were taught to say it, saying it harms nothing."
What you need before you pray — Do I have to say the intention?,"Scholars of the school held that voicing the intention is recommended, as a way of making it firmer. The same view is found among Shafi`i and Hanbali scholars."
What you need before you pray — Do I have to say the intention?,"Scholars of the school held that voicing it is not recommended, since neither the Prophet ﷺ nor his Companions did it. The same view is found among Hanbali scholars."
What you need before you pray — Is it the right time?,Is it the right time?
What you need before you pray — Is it the right time?,"Each prayer has a window, and you pray inside it rather than whenever you like. The Qur’an calls prayer a decree of specified times. The Today screen works the times out from where you are, on the phone itself, so you do not have to calculate anything."
What you need before you pray — Is it the right time?,"If your local mosque prints a timetable and it differs from the app by a few minutes, follow the mosque."
What you need before you pray — Is it the right time?,"The app works the times out from the position of the sun, which is arithmetic. A mosque timetable involves decisions: which twilight angle to use for Fajr and ʿIsha, whether to round to the nearest five minutes, whether to hold ʿIsha back in summer so people can get there. Both are honest answers to the same question, and they land a few minutes apart.

Praying with the congregation you actually pray with matters more than the arithmetic. The differences are almost always small enough that either time falls inside the window. The one place worth checking is high summer in a northern country, where Fajr and ʿIsha can crowd together and mosques handle it in noticeably different ways."
What you need before you pray — Which way do I face?,Which way do I face?
What you need before you pray — Which way do I face?,"Muslims face the Kaʿbah in Mecca, and the Qur’an gives that instruction directly. The Qibla screen in this app points the way from where you are. If you cannot work it out, on a plane or in an unfamiliar place, face your best guess and pray; that is accepted."
When someone asks you — Am I qualified to say anything?,Am I qualified to say anything?
When someone asks you — Am I qualified to say anything?,"To pass on what you actually know, yes. The Prophet ﷺ said to convey from him even a single verse. That is a deliberately low bar, and it is about accuracy rather than credentials. What you are not qualified to do is answer questions you have not been taught the answer to. The difference between those two things is what this page is about."
When someone asks you — What do I say when I do not know?,What do I say when I do not know?
When someone asks you — What do I say when I do not know?,"""I don’t know."" Then, if you can, ""let’s find out."" That is a complete answer, it is honest, and scholars say it constantly. The ones worth listening to say it more often than anyone.

The temptation is to fill the gap, because being asked feels like being trusted, and saying nothing feels like letting somebody down. It is not. Guessing at a ruling for somebody who will act on it is far worse than a pause."
When someone asks you — What do I say when I do not know?,"Watch for the question that is really about somebody’s own situation: a marriage, money, family. Those need a person who can ask questions back, and that is rarely you."
When someone asks you — What if I know the answer differs?,What if I know the answer differs?
When someone asks you — What if I know the answer differs?,"Say so. ""There is more than one view on that, and mine is what my mosque follows"" is more useful to a beginner than one confident answer, because it prepares them for the day somebody tells them otherwise.

Being given one confident answer is the thing most likely to have been done to you, and the easiest thing not to pass on."
When someone asks you — What is actually worth passing on?,What is actually worth passing on?
When someone asks you — What is actually worth passing on?,"The things nobody told you. What happens in the first ten minutes at a mosque. That a short prayer counts. That your name stays. That the guilt about the years before is not evidence of anything.

Those are not advanced knowledge and they do not need a scholar. They are the things that were invisible to everybody who could have told you, and you are the only person likely to think of them."
When someone asks you — Why would anyone ask me?,Why would anyone ask me?
When someone asks you — Why would anyone ask me?,"Because you remember not knowing, and almost nobody else in the room does. Somebody raised Muslim cannot tell you what is confusing about wudu, because it was never confusing to them. You can. That is a real thing to have, and it arrives at about year two whether you feel ready or not."
When someone corrects you — Is this Islam or is it their culture?,Is this Islam or is it their culture?
When someone corrects you — Is this Islam or is it their culture?,"Sometimes it is culture, and it is fair to ask which. A useful question, asked plainly and without edge: **is that required, or is that how it is done where you are from?** Most people answer it honestly, and the ones who cannot were never going to be a good source.

The five categories of ruling are worth having in your head for exactly this. Much of what reaches you as a rule is a recommendation, and some of it is a habit."
When someone corrects you — Is this Islam or is it their culture?,"Being told that this app, or a book, is wrong is also normal. Ask what it should say instead, and where that comes from. That is not rude. It is the ordinary way these things are discussed."
When someone corrects you — What if they were unkind about it?,What if they were unkind about it?
When someone corrects you — What if they were unkind about it?,"Then they were wrong about the manner, whatever they were right about in substance. Being correct does not give anyone licence to be harsh, and a religion whose Prophet ﷺ was known for gentleness does not hand anybody the right to humiliate a stranger at prayer.

You are allowed to be hurt by it. What matters is not to conclude that the room, or the religion, is what that one person was."
When someone corrects you — What if they were unkind about it?,"If a particular mosque is consistently like this, try another one. They differ enormously, and moving is not a failure of patience."
When someone corrects you — What should I actually say?,What should I actually say?
When someone corrects you — What should I actually say?,"""Thank you, I will look into it."" That is a complete answer. It is true, and it ends the exchange without agreeing or arguing. You do not owe anyone a defence of what you were doing. You do not have to explain that you are new, and you certainly do not have to debate it in a prayer hall.

Then look into it, once, when you are calm. If two answers are still standing, follow the one your mosque follows."
When someone corrects you — Why did someone correct me in front of everyone?,Why did someone correct me in front of everyone?
When someone corrects you — Why did someone correct me in front of everyone?,"It happens to almost everyone, and it is better to be ready for it than winded by it. Somebody will tell you your feet are wrong, your hands are in the wrong place, or that what you just did is not how it is done. It will usually be in the middle of a room, usually meant well, and usually said with no idea that you have been Muslim for six weeks.

It is not a judgement on whether you belong there. It is a mosque doing what mosques do, and it happens to people who have prayed for forty years."
When someone corrects you — Why do two people tell me opposite things?,Why do two people tell me opposite things?
When someone corrects you — Why do two people tell me opposite things?,"Almost always because they follow different schools of thought, and each is describing their own correctly. Where to put your hands, whether to say the intention aloud, how many times to wipe: these are points where the scholarship genuinely differs, and has for a thousand years.

Neither of them is lying to you, and neither is making it up. You have walked into an old disagreement that nobody explained to you first."
When someone corrects you — Why do two people tell me opposite things?,"That the schools differ on details of practice within Sunni Islam is not itself controversial. This app teaches one clear way, because a first-timer needs a path, and it marks the places where you will actually meet a difference."
When someone dies — How do I pray the funeral prayer?,How do I pray the funeral prayer?
When someone dies — How do I pray the funeral prayer?,"You stand in a row and follow the imam, and you stay standing the whole way through. There is no bowing and no prostration, which surprises almost everyone the first time. The imam says **Allāhu akbar** four times, and between them there are quiet supplications. Then the salam, and it is finished.

If you do not know the words, stand with everyone and say nothing. Following in silence still counts as taking part."
When someone dies — How do I pray the funeral prayer?,"Four takbirs, standing, with no bowing and no prostration: the schools agree on that. What is said quietly between the takbirs is where they differ in detail."
When someone dies — How do I pray the funeral prayer?,"You do not need wudu to attend, but you do need it to pray, the same as for any prayer."
When someone dies — Should I go if I did not know them?,Should I go if I did not know them?
When someone dies — Should I go if I did not know them?,"Yes. Attending a funeral is encouraged even for a stranger. The Prophet ﷺ described a reward for whoever attends until the prayer, and a greater one for whoever stays until the burial. Turning up to a janazah for somebody you never met is an ordinary thing to do."
When someone dies — What actually happens at a janazah?,What actually happens at a janazah?
When someone dies — What actually happens at a janazah?,"It happens quickly, and with very little ceremony. The body is washed and wrapped. A short prayer is prayed over it, usually at a mosque and often straight after one of the daily prayers. Then it is buried, normally within a day. There is no open casket, no music, and no long service."
When someone dies — What actually happens at a janazah?,"It moves fast. If you hear in the morning, the burial may be that afternoon. That is normal, and not a sign that anybody is rushing."
When someone dies — What do I say to the family?,What do I say to the family?
When someone dies — What do I say to the family?,"Very little, and that is right. ""May Allah have mercy on them"" is enough, and so is saying nothing at all. Sit with people, make tea, take the children out. Grief in Islam is not silenced. Crying is not a failing, and no one has to pretend to be composed.

What is avoided is loud, staged mourning, and any suggestion that the family should be over it."
When someone dies — What do I say to the family?,"Do not tell somebody their loss was a test they passed, or that it was for the best. Neither is comfort, and both are said constantly."
When someone dies — What do I say when I hear?,What do I say when I hear?
When someone dies — What do I say when I hear?,"The words people say when they hear that someone has died come from the Qur’an: **Innā li-llāhi wa innā ilayhi rājiʿūn**, to Allah we belong, and to Him we return. Say it quietly, to yourself. No one is waiting to hear it.

You say it for anyone. It is not only for Muslims, and it is not only for people you were close to."
When someone dies — What if the person who died was not Muslim?,What if the person who died was not Muslim?
When someone dies — What if the person who died was not Muslim?,"Then the funeral will not look like this, and you are still allowed to grieve them, attend, and be with your family. What you may and may not take part in depends on what the funeral involves. That is a question for somebody who knows both your family and the situation, not for an app."
When someone dies — What if the person who died was not Muslim?,"Ask someone before the day rather than on it. Imams are asked this often, and it will not surprise them."
When voluntary prayer is forbidden — Does this ever affect the five prayers?,Does this ever affect the five prayers?
When voluntary prayer is forbidden — Does this ever affect the five prayers?,"No. A prayer that is due is prayed in its window, and a prayer you slept through or forgot is prayed as soon as you remember it, whatever the sun is doing. The Prophet ﷺ said there is no making up for a forgotten prayer except to pray it when you remember."
When voluntary prayer is forbidden — Does this ever affect the five prayers?,"Schools differ on whether a missed prayer may be made up at the three sun-bound times themselves, and on which voluntary prayers with a reason may go ahead."
When voluntary prayer is forbidden — Does this ever affect the five prayers?,"This app teaches the wider view, because it is the one the Missing a prayer page already follows: pray a missed prayer when you remember it. If your mosque follows the Hanafi school, it will hold the three sun-bound moments back even for a missed prayer, and following your mosque is right."
When voluntary prayer is forbidden — Does this ever affect the five prayers?,"At the three sun-bound times no prayer is offered, not even a missed one; the day’s own ʿAsr is the exception as the sun sets. After Fajr and after ʿAsr, voluntary prayer is forbidden but a missed prayer may be made up."
When voluntary prayer is forbidden — Does this ever affect the five prayers?,"Any prayer with a reason goes ahead at all of these times: a missed prayer, the funeral prayer, the two rakʿahs after tawaf, greeting the mosque. Only voluntary prayer with no particular reason is forbidden. Hanbali scholars hold the same in one of two views, and it is the view of Ibn Taymiyyah, Ibn Bāz and Ibn ʿUthaymīn."
When voluntary prayer is forbidden — When is voluntary prayer forbidden?,When is voluntary prayer forbidden?
When voluntary prayer is forbidden — When is voluntary prayer forbidden?,"Three times a day, all tied to the sun. The Prophet ﷺ named them together, and the prayer-times page in this app marks them on the day."
When voluntary prayer is forbidden — When is voluntary prayer forbidden?,"These are about voluntary prayers, the ones you choose to add. Nothing here stops you praying one of the five."
When voluntary prayer is forbidden — Why is there no sunnah after Fajr and ʿAsr?,Why is there no sunnah after Fajr and ʿAsr?
When voluntary prayer is forbidden — Why is there no sunnah after Fajr and ʿAsr?,"Because of two more spans, tied to your own prayer rather than to the sun. Once you have prayed Fajr, voluntary prayer is forbidden until the sun is up; once you have prayed ʿAsr, until it has set. That is why the Every prayer page shows no sunnah after those two, and why the early morning and the late afternoon are the quiet stretches of the day."
When voluntary prayer is forbidden — Why these times?,Why these times?
When voluntary prayer is forbidden — Why these times?,"The Prophet ﷺ told his companions not to time their prayer to the sun’s rising or setting, but to wait until it was fully up or fully gone, because the sun rises and sets between the two horns of a devil: the moments when those who worship the sun bow to it. A Muslim’s prayer must not look like theirs, even by accident of the clock."
When you are angry — Is it weak to hold back?,Is it weak to hold back?
When you are angry — Is it weak to hold back?,"The opposite. The strong person, the Prophet ﷺ said, is not the one who wins a wrestling match. The strong one is the one who keeps hold of himself at the moment of anger. Nothing in this asks you to be timid or to let yourself be walked over. It moves the idea of strength from winning the exchange to the self-control it takes not to have it."
When you are angry — So am I sinning for feeling angry?,So am I sinning for feeling angry?
When you are angry — So am I sinning for feeling angry?,"No. Anger arrives without being chosen, and there is anger in the Prophet’s ﷺ own life over things that deserved it. What is asked of you is a gap between feeling it and acting on it: leaving the room, saying nothing for a minute, saying the words above. The instruction is about what you do next, not about what you feel."
When you are angry — What do I actually do in the moment?,What do I actually do in the moment?
When you are angry — What do I actually do in the moment?,"Two men were arguing in front of the Prophet ﷺ until one of them was red in the face. The Prophet ﷺ said he knew a sentence which, if the man said it, would take away what he was feeling: I seek refuge with Allah from the accursed Shayṭān. It is short enough to say through clenched teeth, and that is the point. It is not something to reflect on later. It is something to reach for while the anger is happening."
When you are angry — What do I actually do in the moment?,"The narration ends with the man refusing to say it: ""I am not mad."" Anger always argues that it is reasonable, and it is the one state in which advice feels like an insult. Knowing that in advance is most of the help."
When you are angry — What does this look like for me now?,"A relative will say something about your religion that is wrong, and said to wound. It will happen when you are tired, in front of other people, and about the thing you care most about. How you answer is the only thing about Islam most of them will ever look at closely. That is unfair, and it is true. You are allowed to end a conversation. You are not required to win it."
When you are angry — What does this look like for me now?; Thinking you are better — What does this look like for me now?; Wanting what someone else has — What does this look like for me now?; Doing it to be seen — What does this look like for me now?; Patience and gratitude — What does this look like for me now?,What does this look like for me now?
When you are angry — Why is this the advice he kept repeating?,Why is this the advice he kept repeating?
When you are angry — Why is this the advice he kept repeating?,"A man came to the Prophet ﷺ asking for advice and was told: do not become angry. He asked again, and got the same answer. He asked a third time, and heard the same again. It is one of the shortest instructions in the hadith collections, and it was given to somebody who wanted a whole programme, because anger is the point at which most people lose everything else they have learned."
When you don’t know everything yet — Can I pray before I know all of it?,Can I pray before I know all of it?
When you don’t know everything yet — Can I pray before I know all of it?,"Yes. The guides in this app walk you through a prayer at its fullest: every position, every word, in order. That is what to aim at, but it is not the bar. A prayer done briefly and plainly, with the essentials in place, is a prayer. It is not half a prayer, and it does not need making up later.

Reading ""23 steps"" on a night when you have four minutes and no confidence can make praying feel out of reach. It is not."
When you don’t know everything yet — Can I pray before I know all of it?,"On a hard day, the least is the right amount."
When you don’t know everything yet — Is it better to rush it or pray it late?,Is it better to rush it or pray it late?
When you don’t know everything yet — Is it better to rush it or pray it late?,"The prayer has fixed times, and the time is part of it. Given the choice between a short prayer inside its window and a careful one after the window has closed, pray the short one. The full shape will come later. The time will not come back."
When you don’t know everything yet — What actually has to be there?,What actually has to be there?
When you don’t know everything yet — What actually has to be there?,"A man once prayed in the mosque and the Prophet ﷺ told him three times to go back and pray, because he had not prayed. The man asked to be taught, and what he was taught is the shortest description of a prayer there is."
When you don’t know everything yet — What actually has to be there?,"The word doing the work is ""settle"". Rushing is the one thing that narration corrects, and it corrects it three times."
When you don’t know everything yet — What if I only know Al-Fatihah?,What if I only know Al-Fatihah?
When you don’t know everything yet — What if I only know Al-Fatihah?,"Then you have what you need. Al-Fatihah is the part the prayer cannot do without, and anything after it is extra rather than necessary. If you are still learning the words, read them from the screen. No one has to know them by heart before they are allowed to start."
When you get it wrong — How is it received?,How is it received?
When you get it wrong — How is it received?,The Prophet ﷺ described God as more pleased with a person’s repentance than someone would be who lost their camel in the desert and then found it. The image is not of a grudging pardon. It is relief and delight.
When you get it wrong — Is it too late for me?,Is it too late for me?
When you get it wrong — Is it too late for me?,"The Qur’an addresses people who have wronged themselves and tells them not to despair of God’s mercy, because He forgives all sins. That verse is worth knowing early, because the thing most likely to end someone’s practice is not a sin. It is deciding afterwards that they are past helping."
When you get it wrong — What does repentance actually take?,What does repentance actually take?
When you get it wrong — What does repentance actually take?,"Stopping, meaning it, and asking. There is no ritual, no witness, and nobody to confess to. You turn to God directly. The Qur’an calls it turning to Him with sincere repentance, and that is all it takes."
When you get it wrong — What if I do it again?,What if I do it again?
When you get it wrong — What if I do it again?,"You repent again. People expect to fail once and be finished. That is not how it works, and a habit that takes a year to break took a year for everybody else too. Keep praying while you work on it. Stopping the prayer because you feel unworthy of it is the one thing that makes it worse."
When you get it wrong — What if I do it again?,"No one is owed an account of your sins. You do not have to tell an imam, a friend, or anyone at the mosque."
Where do Islamic rulings come from? — How does a Muslim know what Islam says?,How does a Muslim know what Islam says?
Where do Islamic rulings come from? — How does a Muslim know what Islam says?,"By asking, in order, what the Qur’an says, what the Prophet ﷺ said and did, and what the scholars who spent their lives on both concluded from them. That order is not a custom. The Qur’an tells believers to obey Allah and obey the Messenger, and to take any dispute back to those two. Everything a Muslim calls a ruling has travelled that route, and knowing the route means you can ask where an answer came from instead of taking it on trust."
Where do Islamic rulings come from? — So what is fiqh?,So what is fiqh?
Where do Islamic rulings come from? — So what is fiqh?,"The result. Fiqh is the body of rulings that reading produced: what is required, what is recommended, what is simply allowed, what is disliked, what is forbidden. Those five kinds are the next lesson, and they are the vocabulary every ruling is stated in. The four schools you will hear named are four traditions of doing this work, and all four are Sunni."
Where do Islamic rulings come from? — What does the Qur’an settle?,What does the Qur’an settle?
Where do Islamic rulings come from? — What does the Qur’an settle?,"The commands and the limits. Pray, fast, give, be good to your parents, do not drink, do not take interest. It is short on method: it says to establish the prayer far more often than it says how, and it names what is forbidden in a few lines rather than a code. That is by design. The Qur’an gives the shape, and the next source fills it in."
Where do Islamic rulings come from? — What does the Sunnah add?,What does the Sunnah add?
Where do Islamic rulings come from? — What does the Sunnah add?,"The method, and the detail. How many rakʿahs, what to say in them, what breaks a fast. The Prophet ﷺ lived the Qur’an in front of people who remembered and wrote down what he said and did, and those reports are the Sunnah. The Qur’an itself tells Muslims to take what the Messenger gives them. The page on the Sunnah explains how a report is graded and why not every one is reliable; here the point is only where it sits, second, and inseparable from the first."
Where do Islamic rulings come from? — Where do scholars come in?,Where do scholars come in?
Where do Islamic rulings come from? — Where do scholars come in?,"Most questions are not answered word for word in either source. Is a mortgage interest? Does a nicotine patch break a fast? What does a convert do about a wedding with no Muslim guardian? Somebody has to read the texts, weigh them, and reason from what they say to the case in front of them. That work is called ijtihād, and the people qualified to do it are scholars.

The Prophet ﷺ said that a judge who strives for the right answer is rewarded even when he gets it wrong, and twice when he gets it right. Reasoning carefully from the sources is not a departure from them. It is what the sources expect."
Where do Islamic rulings come from? — Where do scholars come in?,"This is also why two scholars can give two answers to the same question. That has a page of its own, further along the path."
Where do Islamic rulings come from? — Who do I actually ask?,"A person, for anything about your own life, because a page cannot hear the part that changes the answer. An imam at a mosque near you is the usual first person. When you get an answer, it is fair to ask where it comes from: a verse, a narration, a school’s position. A good answer can say. And an answer that arrived by this route is worth more than a confident one that did not."
Which dhikr is best? — Do I have to choose?,Do I have to choose?
Which dhikr is best? — Do I have to choose?,"No. The Qur’an being best does not mean dropping everything else for it, and the scholars say so directly. Read the Qur’an when the time is yours, and every letter is rewarded ten times over. Say the dhikr of the moment when its moment comes. Keep the four phrases for the gaps in the day. Someone who does all three has not chosen between them. They have a day with a shape."
Which dhikr is best? — Do I have to choose?,"Ten spare minutes, then: first the adhkar of whatever moment you are in, if there is one. Then the Qur’an, from wherever you left off. The four phrases go with you through the rest of the day."
Which dhikr is best? — What if I only have a minute?,What if I only have a minute?
Which dhikr is best? — What if I only have a minute?,"Say the words Allah loves most. Asked which words were best, the Prophet ﷺ answered: the ones Allah chose for His angels and His servants, subḥāna-llāhi wa bi-ḥamdih. He also named four phrases as the dearest to Allah, subḥāna-llāh, al-ḥamdu li-llāh, lā ilāha illa-llāh and Allāhu akbar, and said it does not matter which you begin with. A minute is enough for all four."
Which dhikr is best? — What if I only have a minute?,"The dua book has an occasion on the merit of these four phrases, in the book’s own wording. It is one of the doors below."
Which dhikr is best? — When does something else come first?,When does something else come first?
Which dhikr is best? — When does something else come first?,"When a dhikr belongs to that moment. Some remembrances have a time or a place of their own, and in that time they come before the Qur’an. The reason is simple: the Qur’an can be read at any hour, and a timed dhikr cannot. Miss its moment and it is gone. The Prophet ﷺ sought forgiveness three times the instant he finished a prayer, and told people to send more prayers on him on a Friday than on other days. Those are the moments. The app already holds most of them."
Which dhikr is best? — When does something else come first?,"This is why the adhkar in this app sit at fixed times: the times are theirs. The Qur’an tab has no clock on it, because the Qur’an has none."
Which dhikr is best? — Which dhikr is best?,"The Qur’an, read with attention to what it says. The Qur’an calls itself the best of speech, and it calls itself the Reminder. The scholars draw the plain conclusion from that: an-Nawawi wrote that reciting the Qur’an is the finest dhikr, and Ibn Taymiyyah, Ibn Baz and Ibn ʿUthaymin say the same. It is Allah’s own speech.

There is one exception, and the exception covers a lot of an ordinary day."
Which dhikr is best? — Which dhikr is best?,That reciting the Qur’an is the best dhikr in general is agreed. The same scholars who say so also say that a dhikr with a time of its own comes first when that time arrives.
"Who can I talk to? — What can this app do, and what can it not?","What can this app do, and what can it not?"
"Who can I talk to? — What can this app do, and what can it not?","It can teach you what it already holds, with the radio off. It cannot answer back. When the search finds nothing, you can tell us what you were looking for, and a person reads those later to decide what to write next. Nobody reads them as they arrive and nobody replies, so it is not a way to reach anyone. For that, the people above are real."
Who can I talk to? — What if tonight is the hard part?,What if tonight is the hard part?
Who can I talk to? — What if tonight is the hard part?,"New Muslims often carry the worst nights alone, because the people who would normally notice are the people they have not told. If you are frightened for yourself, or you do not want to be here any more, that is what these lines are for. There is nothing un-Islamic about calling one. The people on the other end will not judge you and will not need you to explain your religion."
Who can I talk to? — Who answers a question this app does not?,Who answers a question this app does not?
Who can I talk to? — Who answers a question this app does not?,"A person who knows you, or can hear the whole of your situation. For most people that is the imam at a mosque near them. Go for any prayer that is not Friday midday, wait until it ends, and say that you are new and have a question. That sentence is enough; it is one they hear often and are glad to.

Questions about your own life, a marriage, money, a job, a family that does not know yet, need a person for exactly this reason. A page cannot hear the part that changes the answer, which is why some pages in this app end with ""ask someone qualified"" rather than pretending to."
Who is Allah? — How do I get to know Him?,How do I get to know Him?
Who is Allah? — How do I get to know Him?,"Through His names, rather than in the abstract, and you will meet them constantly."
Who is Allah? — How do I get to know Him?,Learning a few is a gentler way in than trying to think about God in the abstract.
Who is Allah? — Is Allah a different God?,Is Allah a different God?
Who is Allah? — Is Allah a different God?,"No. Allah is simply the Arabic word for God, and Arabic-speaking Christians and Jews use it when they pray."
Who is Allah? — Is Allah a different God?,"It has no plural and no gender, which is part of why Muslims keep the word rather than translating it."
Who is Allah? — What if I try to picture Him?,What if I try to picture Him?
Who is Allah? — What if I try to picture Him?,"Any picture you form is wrong by definition, and you are not expected to form one."
Who is Allah? — What if I try to picture Him?,"This is why Muslims do not depict God, and why you will not find images of Him anywhere in Islam."
Who is Allah? — What was said when the Prophet ﷺ was asked to describe God?,What was said when the Prophet ﷺ was asked to describe God?
Who is Allah? — What was said when the Prophet ﷺ was asked to describe God?,"A short chapter of the Qur’an, and Muslims have taken it as the definition ever since."
Who is Muhammad ﷺ? — Do Muslims worship him?,Do Muslims worship him?
Who is Muhammad ﷺ? — Do Muslims worship him?,"Muhammad ﷺ was born in Mecca around 570 CE and received the Qur’an over roughly twenty-three years. Muslims believe he is the last of a long line of prophets that includes Ibrahim, Musa and ʿIsa, or Abraham, Moses and Jesus. He is not divine and is not worshipped. He delivered the message; the message is from God."
Who is Muhammad ﷺ? — What is the ﷺ after his name?,What is the ﷺ after his name?
Who is Muhammad ﷺ? — What is the ﷺ after his name?,You will see ﷺ written after his name throughout this app and everywhere else. It stands for an Arabic phrase asking God to bless him and grant him peace. Muslims say it aloud out of respect whenever he is mentioned. Nobody will mind if you forget at first.
Who is Muhammad ﷺ? — What was he like?,What was he like?
Who is Muhammad ﷺ? — What was he like?,"The Qur’an describes him as being of great character, and the people who lived with him described someone who never used foul or crude language and who taught that the best people are those with the best manners. Much of what Muslims try to imitate is not ritual at all. It is how he treated people."
Who is Muhammad ﷺ? — Why follow him?,Why follow him?
Who is Muhammad ﷺ? — Why follow him?,"Because the Qur’an tells them to. It calls him an excellent example, and says that obeying him is obeying God. In practice this is very concrete: the Qur’an commands prayer without describing how, and the answer to ""how"" is that he said, ""Pray as you have seen me praying."""
Who is Muhammad ﷺ? — Why follow him?,Loving and following him is not the same as worshipping him. The distinction matters to Muslims and is worth being clear about early.
Whoever works for you — And if I do not pay?,And if I do not pay?
Whoever works for you — And if I do not pay?,"The Prophet ﷺ named three people God will stand against on the Day of Resurrection. One who gives a promise in God’s name and breaks it, one who sells a free man and consumes the price, and one who hires a worker, takes the work in full, and does not give him his wage. Withholding pay is not filed with ordinary debts here. It is put beside breaking an oath sworn in God’s name."
Whoever works for you — What did he ﷺ call them?,What did he ﷺ call them?
Whoever works for you — What did he ﷺ call them?,"Abu Dharr was seen wearing a cloak, with the man who served him wearing the same one. He explained why. He had insulted a man by his mother, and the Prophet ﷺ told him he still had something of the old ignorance in him, that these are your brothers whom God has placed under your hand, and that whoever has a brother under his hand should feed him from what he eats and clothe him from what he wears. Then the limit on the work itself. Do not ask of them more than they can do, and if you do, help them with it."
Whoever works for you — What did he ﷺ call them?,"The narration is about a man who owned another. What carries across is the instruction about the gap in power, which is what it addresses."
Whoever works for you — When do they get paid?,When do they get paid?
Whoever works for you — When do they get paid?,"Give the worker his wages before his sweat dries. That is the whole narration, and the timing in it is deliberate rather than poetic. Payment is due when the work is done, not when it suits the person who owes it. Most of what makes a late payment comfortable for the payer is that the cost of waiting lands entirely on somebody else."
"Why can’t you eat that? — Is it just wine, or all of it?","Is it just wine, or all of it?"
"Why can’t you eat that? — Is it just wine, or all of it?","All of it. The Prophet ﷺ said that every intoxicant is khamr, the Qur’an’s word for wine, and every intoxicant is forbidden. Asked about the drinks brewed in Yemen from honey and from barley, he gave the same answer, so it is not about grapes. Beer, spirits and wine are one category, and the category is what is forbidden."
Why can’t you eat that? — Isn’t that a lot of rules about food?,Isn’t that a lot of rules about food?
Why can’t you eat that? — Isn’t that a lot of rules about food?,"It is fewer than it looks. The Qur’an tells believers not to forbid the good things God has made lawful, and asks who has forbidden the good provision He produced for His servants. It also says plainly that the food of the People of the Scripture is lawful for Muslims, so a Muslim can eat at a Christian or Jewish table. The page on food carries the one live question about meat, which is not whether such meat is lawful in principle but how modern slaughter measures up."
Why can’t you eat that? — What about my family’s table?,What about my family’s table?
Why can’t you eat that? — What about my family’s table?,"Keep sitting at it. Eat what you can, leave what you cannot without a speech, and answer questions when they come. If you are the guest, a quiet word to the host beforehand is kinder than a plate pushed away. Most families adjust faster when the change is undramatic, and the meal itself is the answer to the question underneath: that you are still theirs."
Why can’t you eat that? — What about my family’s table?,"You do not owe anyone the reason. ""I don’t eat pork"" is complete. The reason is for when they are curious, not for when they are testing."
Why can’t you eat that? — What do I actually say?,"""God set a few things aside: pork, alcohol, a couple of others. Everything else on this table is fine, and I’m glad to be at it."" Then eat. If they want the verses, they are above. If they want to argue about health, that is a conversation about health, and it is not why you stopped."
"Why can’t you eat that? — What is off the menu, and why?","What is off the menu, and why?"
"Why can’t you eat that? — What is off the menu, and why?","Four things, and the Qur’an names them: animals found dead, blood, the flesh of swine, and meat dedicated to anything other than God. Alcohol has its own verse, which calls intoxicants the work of Satan and says to avoid them. The reason the Qur’an gives is not health and not hygiene, though people will offer you both. It is that God has said so, and the verse begins with the word ""only"": the list is short, and everything else is lawful and good. The same verse adds that someone forced by hunger, not wanting it and not going past need, carries no sin."
Why do women cover? — Did the first Muslim women do this?,Did the first Muslim women do this?
Why do women cover? — Did the first Muslim women do this?,"Yes, and at once. ʿAʾishah, the Prophet’s ﷺ wife, said of the women who had emigrated to Medina that when the verse about the head-covering came down they cut their waist-cloths at the edge and covered themselves with the pieces. It was the women’s own response to a verse, done the day they heard it. Nobody in the story is made to do anything."
Why do women cover? — Is it about hiding women away?,Is it about hiding women away?
Why do women cover? — Is it about hiding women away?,"The verse says the opposite: that a woman be recognised, and left alone. The Qur’an calls clothing itself a gift from God, given to cover and to adorn, and then says the clothing of righteousness is better still. Covering is one form of the modesty asked of everyone, in look and in manner before it is ever in cloth. The first Muslim women went out, prayed in the mosque, traded and taught, covered."
Why do women cover? — Is it about hiding women away?,"The question is often really ""were you made to?"" Answer that one. ""No. I chose this, and I would tell you if I hadn’t"" does more than any verse."
Why do women cover? — What do I actually say?,"""The Qur’an tells men to lower their eyes before it says anything about women’s clothes. Then it asks women to dress modestly, and it gives the reason: so they’re known for who they are and left alone. It’s an act of worship, it’s between her and God, and it was her choice."" You can stop there. If the person is worried for you, or for her, answer the worry, not the argument."
Why do women cover? — What does the Qur’an actually say?,What does the Qur’an actually say?
Why do women cover? — What does the Qur’an actually say?,"It speaks to men first. Believing men are told to lower their gaze and guard their modesty, and only then are believing women told the same, with one thing added: to draw their head-coverings over their chests and not display their beauty except to the family the verse lists. A second verse tells the Prophet’s ﷺ wives, daughters and the believing women to draw their outer garments about themselves, and gives the reason in its own words: so that they will be known, and not harassed. That is the whole basis, and it is short."
"Why do women cover? — What is covered, and does everyone agree?","What is covered, and does everyone agree?"
"Why do women cover? — What is covered, and does everyone agree?","The commonly taught form is loose clothing that covers the body and the hair, in front of men outside the immediate family, with the face and hands showing. Whether the face is included is a long-standing difference between scholars, and the page on clothing sets out who says what. A convert usually comes to covering in steps, and that is ordinary, not a failing. No one is entitled to shame a woman for where she is on that road, and the verses above are addressed to her, not to the people watching her."
Why people differ — Do I have to pick one?,Do I have to pick one?
Why people differ — Do I have to pick one?,"Not on day one, and probably not for a long time. In practice most converts end up following whichever school their mosque follows, which is a perfectly ordinary way to arrive at it and requires no decision at all.

What is worth avoiding is assembling your own from whichever answer is easiest in each case. Not because anybody is policing it, but because that stops being a considered position and becomes a preference wearing a scholar’s name."
Why people differ — Do I have to pick one?,"If somebody asks which madhhab you follow and you have no answer, ""I pray with my local mosque"" is a complete one."
Why people differ — How much do they actually disagree about?,How much do they actually disagree about?
Why people differ — How much do they actually disagree about?,"Far less than the noise suggests. No one differs about the five prayers, the fast of Ramadan, or what is forbidden. The differences are in the detail of practice, such as where the hands rest, whether the intention is said aloud and how many times something is wiped, and in the harder edges of law.

If you learned to pray from this app and prayed behind an imam from any of the four, you would be praying correctly. That is worth knowing before somebody tells you otherwise."
Why people differ — How much do they actually disagree about?,"That the four schools are all within Sunni Islam, and that following any of them is following Islam, is not itself a matter of dispute."
Why people differ — What is a madhhab?,What is a madhhab?
Why people differ — What is a madhhab?,"A school of legal reasoning. Four are followed today, Hanafi, Maliki, Shafiʿi and Hanbali, each named after a scholar of the first centuries, and every one of them is Sunni. They are not denominations and not sects. They are four careful attempts at the same question: given the Qur’an and the Sunnah, what exactly follows?

Most Muslims you meet follow one, usually the one their country follows, and most have never thought about it, in the way most people have never thought about the grammar of the language they speak."
Why people differ — Which one does this app teach?,Which one does this app teach?
Why people differ — Which one does this app teach?,"One clear way, on purpose, because somebody learning to pray needs a path rather than a comparison table. Where a difference is one you will actually meet, at a mosque, from a friend or in a book, the app marks it and says what the other positions are, rather than pretending there is only one.

So when you see a note saying that scholars differ, that is not the app hedging. It is the app telling you in advance about a conversation you are going to have."
Why people differ — Why would there be four answers?,Why would there be four answers?
Why people differ — Why would there be four answers?,"Because the texts do not spell out every case, and reading them takes judgement. Two scholars can hold the same narration, agree that it is authentic, and still reach different conclusions about what it requires. One reads a command as binding, the other as strongly encouraged. One has a narration the other never received.

That is not a flaw discovered later. It was expected. The Prophet ﷺ said that a judge who strives to reach the right answer is rewarded even when he gets it wrong, and rewarded twice when he gets it right. A religion that rewards a wrong answer reached honestly is a religion that expects careful people to disagree."
Witr — Face the qibla and intend,"Stand facing the qibla, feet roughly shoulder-width apart, and intend in your heart that you are praying Witr."
Witr — Is one really enough?,Is one really enough?
Witr — Is one really enough?,"Yes. The Prophet ﷺ named five, three and one, and left the choice to the person praying, so one is a complete witr rather than a shortened version of something else. Most people pray three, and you will see that around you."
Witr — Is one really enough?,"Start with one. It is the whole prayer, it takes a minute, and it is the version you are least likely to get wrong while you are learning."
Witr — Turn to your left,That is Witr complete.
Witr — What if I sleep through it?,"Pray it before you go to bed. Leaving it to the end of the night is better, but only if you are actually going to be awake. It is meant to be the last thing you pray, not the thing you missed."
Witr — What if I sleep through it?; Fajr — What if I sleep through it?,What if I sleep through it?
Witr — Why an odd number?,Why an odd number?
Witr — Why an odd number?,"Because that is what the word means, and it is what you finish the night on."
Work and money — How does Islam see work?,How does Islam see work?
Work and money — How does Islam see work?,"There is no ideal of poverty here. The Prophet ﷺ said nobody has eaten better food than what he earned by his own hands, and noted that the Prophet Dawud ate from his own labour. The Qur’an tells people to disperse and seek God’s bounty as soon as the Friday prayer ends."
Work and money — What about interest?,What about interest?
Work and money — What about interest?,"Riba, usually translated as interest or usury, is prohibited in the Qur’an in strong terms, and the Prophet ﷺ listed consuming it among the gravest sins. In practice this is what makes conventional mortgages, interest-bearing savings and most credit cards a live question for Muslims."
Work and money — What about interest?,"If you already have a mortgage or a loan, you have not ruined anything, and you do not have to solve it this month. Islamic finance options exist in many countries and vary a great deal. Get advice on your actual situation."
Work and money — What if my job touches something forbidden?,What if my job touches something forbidden?
Work and money — What if my job touches something forbidden?,"Directly producing or selling what is prohibited is the clear case. The Prophet ﷺ said the curse on wine falls on ten, its seller and the one who lives off its price among them. What is less clear is indirect involvement: a supermarket cashier who occasionally scans wine, a delivery driver, an accountant at a bank. That distance is exactly what scholars weigh."
Work and money — What if my job touches something forbidden?,"Scholars differ on how much distance from a prohibited thing is enough, so answers vary by how central it is to the job."
Work and money — What if my job touches something forbidden?,"The usual reasoning looks at whether the forbidden thing is the point of the work or incidental to it, at how much of your income depends on it, and at what leaving would cost you. Someone whose whole income comes from selling alcohol is in a different position from someone who occasionally rings it through a till, and someone who cannot simply leave is in a different position again. The clear case is agreed. Where scholars actually differ is on where the line falls, and the line moves with the facts. That is why the answer here is to describe your actual job to someone qualified rather than to read a general rule off a page."
Work and money — What if my job touches something forbidden?,Do not quit your job the week you become Muslim. Find out what your options are first.
Wudu — Finish,Finish
Wudu — Finish,"When you are done, say:"
Wudu — Finish,You are now ready to pray.
Wudu — Finish,"If you are ever rushed or short of water, the four parts the Qur’an itself names are the face, the arms to the elbows, wiping the head, and the feet to the ankles. Once each is enough. Everything else here is the fuller way the Prophet ﷺ did it."
Wudu — Finish,"Schools differ over what else is strictly required beyond those four. The intention, keeping to the order, and washing without long pauses in between are each treated as a requirement in some schools and as a recommendation in others. Teaching the full method sidesteps the question entirely, which is why this guide does. Knowing the shorter version matters on the day you have half a bottle of water and a prayer to catch."
Wudu — Finish,"What certainly breaks it: anything that leaves you from the front or the back, such as using the toilet or passing wind, and losing awareness, whether through sleep deep enough that you would not have noticed, fainting, or anything else that takes your senses away."
Wudu — Finish,"Bukhari 135 is the Prophet's ﷺ words that the prayer of someone who breaks their wudu is not accepted until they wash again. Abu Huraira, asked what breaking it meant, answered: passing wind. On sleep the wording is ""the eyes are the drawstring of the backside, so whoever sleeps should perform wudu"". Schools qualify that by how deeply and in what position, but all four agree that heavy sleep ends it. All four also agree that losing your senses another way, whether fainting, anaesthetic or being drunk, ends it too. That is why this note names losing your senses, and not only sleep."
Wudu — Finish,"Two more are handled differently by the schools: touching your own private parts, and skin contact with the opposite sex. If one of those happens and you are unsure, washing again takes a minute and settles it."
Wudu — Finish,"The split is not carelessness. It is two authentic narrations pointing different ways. Busrah bint Safwan reports ""whoever touches his penis should not pray until he performs wudu""; Talq ibn `Ali reports the Prophet ﷺ answering ""is it anything other than a piece of him?"" Tirmidhi grades both sound and records that the second is the position of the scholars of Kufa. On the opposite sex, the verse says ""or you have touched women"", and the argument is over whether that word means intercourse or ordinary contact; `A'isha reports that the Prophet ﷺ kissed her and prayed without washing again."
Wudu — Finish,Neither of the two breaks wudu on its own.
Wudu — Finish,"Both break it where there is desire: the private parts touched deliberately with the palm, and contact with the opposite sex accompanied by desire."
Wudu — Finish,"Both break it regardless of intention: the private parts touched with the palm and no barrier, and skin contact with an adult of the opposite sex who is not a close relative."
Wudu — Finish,Touching the private parts breaks it; contact with the opposite sex breaks it where there is desire.
Wudu — Intend,"Intend in your heart that you are performing wudu to purify yourself for prayer, then say:"
Wudu — Intend,"One wudu covers as many prayers as you like. It lasts until something breaks it, and only then do you wash again."
Wudu — Intend; Ghusl — Intend; Tayammum — Intend,Intend
Wudu — Rinse your mouth,Rinse your mouth
Wudu — Rinse your mouth,"Take water into your mouth with your right hand, swill it around and spit it out. Three times."
Wudu — Rinse your nose,Rinse your nose
Wudu — Rinse your nose,"Sniff a little water into your nose with your right hand, then blow it out using your left. Three times."
Wudu — Rinse your nose,"Draw it up properly, unless you are fasting, in which case go gently."
Wudu — Wash your arms,Wash your arms
Wudu — Wash your arms,"Wash your right arm from the fingertips to just past the elbow, three times. Then the left, three times."
Wudu — Wash your arms,Right before left is the pattern for everything that comes in a pair.
Wudu — Wash your face,Wash your face
Wudu — Wash your face,"Wash your whole face three times, from your hairline to under your chin and from ear to ear."
Wudu — Wash your feet,"Wash your right foot to just past the ankle, between the toes, three times. Then the left, three times."
Wudu — Wash your feet; Ghusl — Wash your feet,Wash your feet
Wudu — Wash your hands,"Wash both hands up to the wrists, three times, between the fingers."
Wudu — Wash your hands; Ghusl — Wash your hands,Wash your hands
Wudu — Wipe your ears,Wipe your ears
Wudu — Wipe your ears,"With the same wetness, put your index fingers inside your ears and your thumbs behind them, and wipe. Once."
Wudu — Wipe your head,Wipe your head
Wudu — Wipe your head,"With wet hands, wipe over your head from the front to the back and return to the front. Once."
Wudu — Wipe your head,"Wiping, not washing, and once rather than three times."
Your children — Do they all get the same?,Do they all get the same?
Your children — Do they all get the same?,"An-Nuʿman’s father gave him a gift and went to have the Prophet ﷺ witness it. He was asked whether he had given every one of his sons the same, and said no. He was told to take it back, and that he would not be made a witness to injustice. A parent’s preference is not treated as a private matter between them and the favoured child. It is named as a wrong done to the others."
Your children — What about discipline?,What about discipline?
Your children — What about discipline?,"Abu Masʿud was beating a boy who served him when he heard a voice behind him. It was the Prophet ﷺ, saying his name. He was told that God has more power over him than he has over the boy. The whip fell out of his hand. Nothing was said about whether the boy deserved it. What was put to him was the size of his own position, which had been the whole basis of the beating."
Your children — What is owed to a daughter?,What is owed to a daughter?
Your children — What is owed to a daughter?,"A woman came to ʿAisha with two daughters, asking for anything. She was given a single date, and she split it between the two girls and ate none of it herself. When the Prophet ﷺ was told, he said that whoever is given the care of daughters and treats them well will have them as a protection from the Fire. The context matters. This was said in a place where a daughter was widely counted as a disappointment."
Your children — What is owed to a daughter?,"The Qur’an addresses the same attitude directly, and says that God gives daughters to whom He wills and sons to whom He wills, in that order."
Your children — Where does it start?,Where does it start?
Your children — Where does it start?,"A man watched the Prophet ﷺ kiss his grandson and said that he had ten children and had never kissed one of them. He was not praised for it. He was told that whoever shows no mercy is shown none. Affection towards a child is not treated here as a soft extra on top of raising them. It is the thing being asked for, and its absence was worth correcting on the spot."
Your first time at a mosque — What do I do when I walk in?,What do I do when I walk in?
Your first time at a mosque — What do I do when I walk in?,"There will be a shoe rack by the door. Take your shoes off there and carry them in if the rack is full. Step in with your right foot. There are usually separate entrances or areas for men and women. Look for the signs, or ask; nobody minds being asked."
Your first time at a mosque — What happens afterwards?,What happens afterwards?
Your first time at a mosque — What happens afterwards?,"People turn and greet whoever is beside them. Say salam back. Someone will very likely ask if you are new. This is the moment the whole trip is actually for, and it is worth staying ten minutes for it."
Your first time at a mosque — What happens in the prayer?,What happens in the prayer?
Your first time at a mosque — What happens in the prayer?,"People stand shoulder to shoulder in straight lines, filling from the front. Stand in a line, follow the imam, and do what the row does. You do not say anything aloud and nobody is watching you."
Your first time at a mosque — What if I get something wrong?,What if I get something wrong?
Your first time at a mosque — What if I get something wrong?,"All of these are fine: being a beat behind in the movements, not knowing where to stand, your phone going off, asking a stranger what to do, leaving straight afterwards, getting the words wrong under your breath."
Your first time at a mosque — What if I get something wrong?,"Everyone in that room was new once, including the imam. No one is grading you, and the people who notice you are new are almost always pleased about it."
Your first time at a mosque — What should I do before I go?,What should I do before I go?
Your first time at a mosque — What should I do before I go?,"Do your wudu at home if you can. It is one less thing to work out when you arrive. Wear clean clothes that cover you from the navel to the knees at minimum; loose trousers and a long top are entirely normal. What a woman covers is no different here from anywhere else in front of men outside the family, and the clothing guide sets it out with the verses behind it."
Your first time at a mosque — When should I go the first time?,When should I go the first time?
Your first time at a mosque — When should I go the first time?,"Friday midday is the busiest hour of the week. For a first visit, go for a normal prayer: Dhuhr in the early afternoon, or ʿIsha at night. Fewer people, more room to watch what everyone else does."
Your first time at a mosque — When should I go the first time?,"Friday prayer is obligatory for men, so you will need to go eventually. It is easier once the building is already familiar."
Your first time at a mosque — Where do I sit?,Where do I sit?
Your first time at a mosque — Where do I sit?,Pray two short rakʿahs before you sit down. It is what everyone does on entering. Then sit anywhere on the carpet. There is no reserved seating and no collection.
Your first time at a mosque — Where do I sit?,"If a prayer is already in progress, join the line where you are and follow the imam from wherever he has got to. When he finishes and gives salam, stand back up and pray the rakʿahs you missed on your own. That is what completes your prayer."
"Your mother, three times — What does it actually look like?",What does it actually look like?
"Your mother, three times — What does it actually look like?","The Qur’an sets the bar at a syllable. It says that if one or both of them reach old age with you, do not say to them so much as ""uff"", the sound of being irritated, and do not push them away, but speak to them a noble word. Then it goes further and asks for the wing of humility to be lowered to them out of mercy. Nothing about that is about grand gestures. It is about tone of voice on a bad day."
"Your mother, three times — What does it actually look like?","The command sits directly after the command to worship God alone, in the same sentence. That placement is the point being made."
"Your mother, three times — What if they ask me to do something wrong?",What if they ask me to do something wrong?
"Your mother, three times — What if they ask me to do something wrong?","There is a limit, and the Qur’an states it while keeping everything else in place. If they press you to associate anything with God, do not obey them in that. The verse that says so still calls for goodness to them, and elsewhere the same instruction adds that you keep company with them in this world in a good way. So the refusal is narrow. It covers the thing being asked, not the relationship."
"Your mother, three times — What if they ask me to do something wrong?","If your parents are not Muslim, or do not know yet, the family page answers those questions rather than this one."
"Your mother, three times — Who deserves the most from me?",Who deserves the most from me?
"Your mother, three times — Who deserves the most from me?","A man asked the Prophet ﷺ exactly that. He was told his mother. He asked who came next, and was told his mother. He asked again, and was told his mother a third time. Only on the fourth asking was he told his father. The repetition is the teaching. It was not a slip, and the man kept asking because he did not expect the same answer twice."
"Your mother, three times — Why the mother three times?",Why the mother three times?
"Your mother, three times — Why the mother three times?","The Qur’an answers it in the places where it commands kindness to parents. It says his mother carried him in weakness upon weakness. It says she carried him with hardship and gave birth to him with hardship. The father is commanded in the same breath, and the mother is described. What she is owed is not a sentiment. It is a debt for something already done that cannot be repaid."
Your neighbour — How much does a neighbour matter?,How much does a neighbour matter?
Your neighbour — How much does a neighbour matter?,"The Prophet ﷺ said that Jibril kept on urging him about the neighbour until he thought the neighbour would be given a share of the inheritance. That is the measure being offered. Not a general encouragement to be pleasant, but a pressure so persistent that the man receiving it expected a legal right to come out of it."
Your neighbour — What is the floor?,What is the floor?
Your neighbour — What is the floor?,"That they are safe from you. The Prophet ﷺ said that a person whose neighbour is not secure from his harm will not enter Paradise. Before any question of gifts or visits, the first thing owed to the person on the other side of the wall is that living next to you costs them nothing."
"Your neighbour — Which neighbour, and how far?","Which neighbour, and how far?"
"Your neighbour — Which neighbour, and how far?","ʿAisha asked which of two neighbours she should give to. She was told the one whose door is nearer. The Qur’an lists both, the near neighbour and the one further off, in a verse that runs through everyone with a claim on you, from parents down to the traveller and the companion at your side. So the circle is wide, and nearness decides the order rather than the obligation."
"Your neighbour — Which neighbour, and how far?","Nothing in these texts asks what religion the neighbour is, and the page does not add the question."
ʿAsr — Face the qibla and intend,"Stand facing the qibla, feet roughly shoulder-width apart, and intend in your heart that you are praying ʿAsr."
ʿAsr — Turn to your left,That is ʿAsr complete.
ʿAsr — What is ʿAsr?,What is ʿAsr?
ʿAsr — What is ʿAsr?,"Four silent rakʿahs in the last stretch of the afternoon, prayed while the day is still busy. That is exactly why so much was said about it."
ʿAsr — Why does it matter so much?,Four narrations give this one afternoon prayer unusual weight.
ʿIsha — Face the qibla and intend,"Stand facing the qibla, feet roughly shoulder-width apart, and intend in your heart that you are praying ʿIsha."
ʿIsha — Is it hard to end the day with it?,Is it hard to end the day with it?
ʿIsha — Is it hard to end the day with it?,"It is the easy one to skip, and the Prophet ﷺ said exactly that. No prayer sits heavier on a hypocrite than ʿIsha and Fajr, and if people knew what was in them they would come even if they had to crawl. Praying it is a quiet decision about how the day ends."
ʿIsha — Turn to your left,That is ʿIsha complete.
ʿIsha — What is ʿIsha?,What is ʿIsha?
ʿIsha — What is ʿIsha?,"Four rakʿahs, prayed once night has settled. Prayed in congregation, it is counted like standing half the night in prayer."
